;;Publique  (universit�, �cole d'ing�nieur, etc.);;;;;;;;;;;;
Formation Continue / initiale;Vous �tes une structure ...;Libell� de l'�tablissement;Libell� du d�partement / Unit� de formation;Cycle de formation;Le programme couvre / Objectif;Courte description du programme / Contenu;Type d'organisme;NOM de l'organisme;Intitul� de la formation;Localisation de la structure (ville);Cette formation donne t-elle lieu � une validation des acquis ? Si oui, lesquels ?;Dur�e de la formation / intervention (en j);Modalit�s d�acc�s � la formation (pr�sentiel / distanciel / hybride);URL d�crivant le programme
Formation Continue;MOOC;;;;;"D�veloppeur responsable :
- Comprendre les enjeux du Num�rique Responsable
- Comprendre l'impact environnemental des d�cisions de d�veloppement
- Apprendre les bonnes pratiques �co-responsables � mettre en oeuvre dans votre quotidien
- Mesurer l'empreinte environnementale de votre application
- R�duire l'impact environnemental de votre code";Cours en ligne;The green Companion;D�veloppeur responsable;National;non;1,5;Distanciel;https://thegreencompagnon.com/cours/developpeur-responsable/
Formation Continue;MOOC;;;;;"Designer responsable :
- Comprendre les enjeux du Num�rique Responsable
- Comprendre l�impact environnemental de vos d�cisions design & UX
- Apprendre les bonnes pratiques �co-responsables � mettre en oeuvre dans votre quotidien
- R�duire l�impact environnemental de vos designs et de vos parcours utilisateurs";Cours en ligne;The green Companion;Designer responsable;National;non;1,5;Distanciel;https://thegreencompagnon.com/cours/ux-ui-designer-responsable/
Formation Continue;MOOC;;;;;"Infrastructure responsable :
- Comprendre les enjeux du Num�rique Responsable
- Comprendre l�impact environnemental des datacenters et des services clouds
- Apprendre les bonnes pratiques �co-responsables � mettre en oeuvre dans votre quotidien
- Utiliser les outils de mesure d�empreinte carbone des datacenters
- R�duire l�impact environnemental de votre infrastructure";Cours en ligne;The green Companion;Infrastructure responsable;National;non;1,5;Distanciel;https://thegreencompagnon.com/cours/sre-responsable/
Formation Continue;MOOC;;;;;"Impact du num�rique et concepts cl�s de l��co-conception :
- Comprendre l'origine du d�r�glement climatique
- Comprendre l'impact environnemental, �thique et social de votre produit
- Acqu�rir les concepts cl�s du Num�rique Responsable?";Cours en ligne;The green Companion;Impact du num�rique et concepts cl�s de l'�co-conception;National;non;0,5;Distanciel;https://thegreencompagnon.com/cours/impact-du-numerique-et-concepts-cles-de-leco-conception/
Formation Continue;MOOC;;;;;"il est fr�quent d�entendre dire que le num�rique est �green�, c�est-�-dire qu�il n�a pas ou que peu d�impact �cologique, voire qu�il r�duit les impacts �cologiques du reste de notre �conomie. Dans ce cours, nous allons remettre en question ces deux id�es. En effet, le num�rique a au contraire des impacts �cologiques r�els et croissants : �missions de gaz � effet de serre, pollutions, production de d�chets toxiques, etc. De plus, sa capacit� � r�duire les impacts �cologiques du reste de notre �conomie est sujette � caution (effet rebond, obsolescence programm�e, etc.).

Gr�ce � des exemples concrets et des cas pratiques, ce cours vous permettra d�avoir un aper�u des enjeux et des moyens disponibles pour rendre le num�rique plus �cologique. Suivre ce cours vous permettra de vous outiller pour �tre acteur d�un num�rique plus �cologique. Vous serez en capacit� de r�duire l�impact �cologique d�un SI, celui d�un site web et de vous impliquer dans l��coconception d�un service num�rique.

Vous souhaitez d�ployer des actions Green IT dans votre entreprise ? Alors rejoignez-moi dans le premier chapitre !";OpenClasse room;;Appliquez les principes du GreenIT dans votre entreprise;National;non;0,5;Distanciel;https://openclassrooms.com/fr/courses/6227476-appliquez-les-principes-du-green-it-dans-votre-entreprise
Formation Continue;Priv�e (�tablissement de formation, entreprise, etc.);;;;;"Comprendre les enjeux du num�rique responsable
Maitriser les r�glementations du secteur
Agir sur son �cosyst�me en int�grant des bonnes pratiques professionnelles
Mettre en �uvre une strat�gie num�rique responsable";Organisme de formation;Pollen;NUM�RIQUE RESPONSABLE;Toulouse;non mais les apprenants sont en mesure de passer le certificat de connaissance � l'issue de cette formation;2;Pr�sentiel et distanciel;
Formation Continue;Priv�e (�tablissement de formation, entreprise, etc.);;;;;#NOM?;Organisme de formation;Pollen;Ecoconception de site Internet;Toulouse;oui. Un certificat de connaissance d�livr� par l'INR;2;Pr�sentiel et distanciel;https://www.toulouse.cci.fr/solution/eco-conception-de-site-internet
Formation Continue;Priv�e (�tablissement de formation, entreprise, etc.);;;;;"Accessibilit� web
� D�finir une strat�gie de mise en place de l�accessibilit� num�rique � Sensibiliser diff�rents publics (coll�gues, prestataires, responsables�) aux enjeux de l�accessibilit� num�rique � Favoriser la prise en compte de l�accessibilit� � tous les niveaux de l�organisation (achats, conception/UX, d�veloppements techniques, formation�) � �laborer des sch�mas d�accessibilit� pluriannuels et plans annuels � Auditer un site et savoir �valuer certains crit�res d�accessibilit� sur un site web � Int�grer l�assurance qualit� web dans votre d�marche
Assurance qualit� web
� Conna�tre le mod�le et les check-lists qualit� Web � Conna�tre les m�thodes d��valuation des sites Web � Pr�venir les risques et ma�triser le vocabulaire du web � G�rer la qualit� et l�accessibilit� d�un site internet";Organisme de formation;Pollen;Accessibilit� et assurance qualit� web;Toulouse;non;2;Pr�sentiel et distanciel;
Formation Continue;Priv�e (�tablissement de formation, entreprise, etc.);;;;;"CONTENU DE LA FORMATION
JOUR 01

CONSCIENTISATION : LA FACE CACHEE DE LA REVOLUTION NUMERIQUE
� L�impact du Num�rique sur l�environnement
� L�exclusion Num�rique
� Soyons pr�cis sur les termes !
� Atelier /mise en pratique

COMPRENDRE L�ECOCONCEPTION DE SERVICES NUMERIQUES
� Pourquoi l��coconception ?
� Les enjeux du Num�rique Responsable pour l�entreprise
� Etat de l�art
� Ecosyst�me du num�rique responsable
� Atelier/ Mise en pratique

UN MODELE RECONNU : LE GREENSOFT MODEL
� La � software value Map �
� Audit du niveau d��coconception d�un logiciel
� Le mod�le � Greensoft �
� Les enjeux au niveau du poste de travail
� Mise en pratique : quels � quick wins � au sein de votre organisation ?

JOUR 02

Le formateur s�attachera � cr�er des passerelles entre la formation et les environnements professionnels des participants.

CAS CONCRET
� Application de la software value Map
� Application du Greensoft Model
� Engagements

MISES EN PRATIQUES AU NIVEAU PROJET
Le formateur pr�sente un projet � �tudier. Le formateur d�roule le sujet pour que chacun puisse se l�approprier et mettre en pratique une d�marche d��coconception num�rique en utilisant les outils et les bonnes pratiques.

CLOTURE, RESTITUTION ET BILAN DE LA JOURNEE";Organisme de formation;INFOGREEN FACTORY;ECOCONCEPTION-  GESTION DE PROJETS;National;"OBJECTIFS P�DAGOGIQUES
Prendre du recul par rapport au � business as usual � dans les projets informatiques.
D�finir les enjeux et contextes du num�rique et pourquoi il est crucial d�int�grer une d�marche d��coconception.
Acqu�rir et de mettre en pratique sous forme d�ateliers les connaissances socles sur le sujet du Num�rique Responsable.
S�appuyer sur une m�thodologie pour d�ployer le Num�rique Responsable dans les projets.
Identifier les r�f�rentiels et outils existants.
Comprendre l��coconception appliqu�e aux services num�riques.
�tre en mesure de concevoir un logiciel en int�grant les bonnes pratiques d��co-conception num�rique.";2;Pr�sentiel et distanciel;"https://infogreenfactory.green/contact/

ou

via notre partenaire IHMISEN: https://ihmisen.com/NRE030_Ecoconception-pour-la-gestion-de-projets.php"
Formation Continue;Priv�e (�tablissement de formation, entreprise, etc.);;;;;"CONTENU DE LA FORMATION
JOUR 01

QUIZ � PRISE DE CONTACT

LES ENJEUX
� Les apports et travers du num�rique
� L�impact environnemental
� L�exclusion de certains publics
� Les d�rives �thiques

LES LEVIERS ET LES OUTILS POUR DEPLOYER UNE STRATEGIE NUNERIQUE RESPONSABLE
� Green IT, IT for green, Num�rique Responsable,�
� Les leviers politiques (l�gislation actuelle et �volution)
� L�importance de la RSE au sein des entreprises
� Les outils

DEPLOYER UNE STRATEGIE NUMERIQUE RESPONSABLE
� 8 bonnes raisons
� Strat�gie globale vs strat�gie NR
� Les incontournables
� Les outils

JOUR 02

LES ETAPES D�UNE STRATEGIE NUMERIQUE RESPONSABLE EN ENTREPRISE
� La Sensibilisation
� Les �tapes et les r�f�rentiels
� Un projet NR
� La gouvernance du NR en entreprise

LES BONNES PRATIQUES PAR GRANDS DOMAINES TECHNIQUE
� Les r�f�rentiels
� Les achats
� La gestion de la fin de vie
� Le poste de travail

ATELIER PRATIQUE POSTE DE TRAVAIL
� L�impression
� La t�l�phonie
� Les projets IT
� Les Datacentre
� Les bonnes pratiques individuelles

CAS PRATIQUE EN PETITS GROUPES

QUIZZ EN PREPARATION A LA CERTIFICATION NR

ENJEUX, PERSPECTIVES ET RESSOURCES DISPONIBLES

CLOTURE, RESTITUTION ET BILAN DE LA FORMATION";Organisme de formation;INFOGREEN FACTORY;NUM�RIQUE RESPONSABLE;National;"D�finir les enjeux et contextes du num�rique et pourquoi il est crucial d�int�grer une d�marche responsable.
Identifier dans l�ensemble du cycle de vie des �quipements et services num�riques les crit�res importants (achats, usage, fin de vie, conception).
D�couvrir une m�thodologie et des outils pour une mise en pratique du num�rique responsable.
Valider la certification � Num�rique responsable � port�e par l�Universit� de la Rochelle et l�Institut du Num�rique Responsable (INR).";2;Pr�sentiel et distanciel;"https://infogreenfactory.green/contact/

ou

https://ihmisen.com/NRE010_Sensibilisation-au-Numerique-Responsable.php"
Formation Continue;Priv�e (�tablissement de formation, entreprise, etc.);;;;;"D�veloppeur responsable :
Cette formation est faite pour vous si vous souhaitez :
- Comprendre les enjeux du Num�rique Responsable
- Comprendre l�impact environnemental des d�cisions de d�veloppement
- Apprendre les bonnes pratiques �co-responsables � mettre en oeuvre dans votre quotidien
- Mesurer l�empreinte environnementale de votre application
- R�duire l�impact environnemental de votre code";Entreprise;The Green Compagnon;D�veloppeur responsable (front & back);National;Non;1;Distanciel;https://thegreencompagnon.com/cours/developpeur-responsable/
Formation Continue;Priv�e (�tablissement de formation, entreprise, etc.);;;;;"Vous �tes UI Designer, UX Manager ou Product Manager ?
Cette formation est faite pour vous si vous souhaitez :
- Comprendre les enjeux du Num�rique Responsable
- Comprendre l�impact environnemental de vos d�cisions design & UX
- Apprendre les bonnes pratiques �co-responsables � mettre en oeuvre dans votre quotidien
- R�duire l�impact environnemental de vos designs et de vos parcours utilisateurs";Entreprise;The Green Compagnon;Designer Responsable;National;Non;1;Distanciel;https://thegreencompagnon.com/cours/ux-ui-designer-responsable/
Formation Continue;Priv�e (�tablissement de formation, entreprise, etc.);;;;;"JOUR 1 :
Les objectifs du r�f�rentiel CoRSer Num
� Le principe
� Les enjeux du r�f�rentiel
La structure de CoRSer Num
� Les familles / �tapes projet
� Liaison avec les ODD de l�ONU
� Les recommandations
� Les crit�res et les cat�gories de crit�res
� Le r�f�rentiel en chiffre
Mise en �uvre du r�f�rentiel
� La m�thodologie
Le contenu des r�f�rentiels GR 491 et RGESN
� Le d�tail des incontournables du Num�rique Responsable
� Personnaliser votre liste
Les autres r�f�rentiels
� R�f�rentiel d�accessibilit�
� R�f�rentiel OPQUAST
� R�f�rentiel PIDILA
� R�f�rentiel G�n�ral d�Ecoconception de Services Num�riques
� Les autres (RGPD, RGS)
Cl�ture, restitution, �valuation des acquis et bilan de la formation";Organisme de formation;IHMISEN;Ecoconception outils, GR 491 et RGESN;Toulouse;"Cette formation vise � fournir aux participants une connaissance du
r�f�rentiel de l�INR le GR491 et du RGESN (r�f�rentiel d'�coconception issu du GR491) pour mettre en pratique les recommandations dans
chacune des �tapes projet.
La formation permettra :
� De pr�ciser les objectifs du r�f�rentiel
� De comprendre la structure des �l�ments propos�s dans le r�f�rentiel
� D�identifier les relations avec les Objectifs de D�veloppement Durable
de l�ONU
� De pr�ciser la m�thodologie de mise en �uvre du r�f�rentiel dans une
organisation
� De comprendre les �l�ments expos�s dans le r�f�rentiel
� De relier le r�f�rentiel INR avec les autres r�f�rentiels disponibles
Le module � R�f�rentiel INR � a donc pour vocation de permettre aux acteurs
du num�rique (Product Owner, D�veloppeurs, Designers, Chefs de projet) de
mettre en pratique l��coconception de services num�riques dans une
d�marche Num�rique Responsable et de sobri�t� num�rique.";1;Pr�sentiel et distanciel;https://ihmisen.com/NRE060_Referentiel-CoRSer-Num-de-l-INR.php
Formation Continue;Priv�e (�tablissement de formation, entreprise, etc.);;;;;"V�ritable point de d�part de votre strat�gie num�rique responsable, cette formation vous permettra de faire des choix pertinents en accord avec les enjeux environnementaux et sociaux actuels selon votre contexte.
Nous y (re)d�couvrirons les impacts environnementaux et sociaux du num�rique, la l�gislation et l'�cosyst�me. Puis chaque domaine d'action en entreprise sera �voqu� avec les bonnes pratiques associ�es, les outils existants et les acteurs correspondants. Enfin la mise en place du changement en entreprise (gouvernance, communication, int�gration des collaborateurs, am�lioration continue...) sera �tudi�e � partir du contexte sp�cifique des participants. Ces participants repartiront �galement avec une feuille de route des prochaines actions � mener pour agir d�s la fin de la formation.";Formatrice;Ecologeek;Initier une d�marche Num�rique Responsable dans mon entreprise;Rennes;Possibilit� de passer la certification num�rique responsable de l'INR apr�s la formation.;3;Pr�sentiel et distanciel;https://www.ecologeek.fr/formation
Formation Continue;Priv�e (�tablissement de formation, entreprise, etc.);;;;;"Objectifs :
Comprendre le contexte du Green IT : chiffres cl�s, tendances, etc
Identifier les acteurs et les outils du Green IT.
D�finir une strat�gie Green IT align�e sur la politique RSE / D�veloppement Durable de l'organisation
Mettre en place les outils de suivi, pilotage et gouvernance de la strat�gie Green IT
Identifier les dossiers cl�s pour votre organisation tant en terme de retour sur investissement que de r�duction d�empreinte �cologique
Programme :
Jour 1
Contexte du Green IT et Constats (Les enjeux du d�veloppement durable, les objectifs de d�veloppement durable, la RSE et sa position par rapport au Green IT)
Outils et connaissances de base (La notion de cycle de vie, Les impacts du num�rique tout au long du cycle de vie, Analyse de Cycle de Vie, Bilan Carbone, Energie Grise)
Jour 2
R�duire les impacts du num�rique (Le cadre r�glementaire, les normes, les labels)
O� en sont les entreprises ? ( Les bonnes pratiques du Green IT, Des exemples d�actions et d�initiatives)
Les composantes d�une d�marche Green IT (Gouvernance, Parties prenantes)
Mettre en oeuvre un strat�gie Green IT (Les �tapes-cl�, piloter la performance, soit � partir d'une �tude de cas, soit � partir du cas concret de l'entreprise)
Inventaire des pratiques existantes gr�ce � une ""check list"" sur les 8 th�matiques du Green IT";Formatrice d'entreprise;;Green IT;Boulogne-Billancourt;Non;1,5;Pr�sentiel et distanciel;http://www.valerieschneider.com
Formation Continue;Priv�e (�tablissement de formation, entreprise, etc.);;;;;Cette formation de deux jours permet de comprendre les enjeux du num�rique responsable, ma�triser les r�glementations du secteur, int�grer les bonnes pratiques pour, au final, �tre en mesure de mettre en �uvre une strat�gie num�rique responsable au sein de l'entreprise.;Organisme de formation;M.I.R;S'orienter vers un num�rique plus responsable;Paris;Certificat de connaissance de l�Institut du Num�rique Responsable (optionnel);2;Pr�sentiel et distanciel;https://www.mir-cf.com/formations
Formation Continue;Priv�e (�tablissement de formation, entreprise, etc.);;;;;"Objectifs de la formation :
D�finir les enjeux et contextes du num�rique et pourquoi il est crucial d�int�grer une d�marche responsable.
Identifier dans l�ensemble du cycle de vie des �quipements et services num�riques les crit�res importants (achats, usage, fin de vie, conception).
D�couvrir une m�thodologie et des outils pour une mise en pratique du num�rique responsable.
Appr�hender les bonnes pratiques des grands domaines.
Pr�parer la certification � Num�rique responsable � port�e par l�Universit� de la Rochelle et l�Institut du Num�rique Responsable (INR).
Comprendre les enjeux des ann�es � venir.";Cabinet de Conseil, Cabinet de Coaching et Organisme de formation certifi� Qualiopi;Ihmisen Academy;Sensibilisation au Num�rique Responsable;Toulouse;"� Attestation de fin de formation.
� Certification Num�rique Responsable (NR).";2;Pr�sentiel et distanciel;https://www.ihmisen.com/NRE010_Sensibilisation-au-Numerique-Responsable.php
Formation Continue;Priv�e (�tablissement de formation, entreprise, etc.);;;;;"Objectif de la formation :
Pr�senter les enjeux et contextes du num�rique et pourquoi il est crucial d�int�grer une d�marche d��coconception.
Comprendre que le succ�s du d�ploiement de cette d�marche est li� � son int�gration dans une strat�gie durable et globale d�entreprise.
Faire ainsi converger la strat�gie de l�organisation et les enjeux que le Num�rique Responsable doit traiter.
D�finir les outils n�cessaires � la prise en charge de la durabilit� dans la strat�gie d�entreprise.
Identifier les leviers permettant de d�ployer et piloter l��coconception au sein des organisations.
Se projeter sur une mise en pratique concr�te en entreprise.";Cabinet de Conseil, Cabinet de Coaching et Organisme de formation certifi� Qualiopi;Ihmisen Academy;Num�rique Responsable - Ecoconception pour les dirigeants;Toulouse;� Attestation de fin de formation.;1;Pr�sentiel et distanciel;https://www.ihmisen.com/NRE020_Ecoconception-pour-les-dirigeants.php
Formation Continue;Priv�e (�tablissement de formation, entreprise, etc.);;;;;"Objectif de la formation :
Prendre du recul par rapport au � business as usual � dans les projets informatiques.
D�finir les enjeux et contextes du num�rique et pourquoi il est crucial d�int�grer une d�marche d��coconception.
Comprendre l��coconception appliqu�e aux services num�riques.
S�appuyer sur une m�thodologie pour d�ployer le Num�rique Responsable dans les projets.
Identifier les r�f�rentiels et outils existants.
Acqu�rir et de mettre en pratique sous forme d�ateliers les connaissances socles sur le sujet du Num�rique Responsable.
�tre en mesure de concevoir un logiciel en int�grant les bonnes pratiques d��co-conception num�rique.";Cabinet de Conseil, Cabinet de Coaching et Organisme de formation certifi� Qualiopi;Ihmisen Academy;Num�rique Responsable - Ecoconception pour la gestion de projets;Toulouse;� Attestation de fin de formation.;2;Pr�sentiel et distanciel;https://www.ihmisen.com/NRE030_Ecoconception-pour-la-gestion-de-projets.php
Formation Continue;Priv�e (�tablissement de formation, entreprise, etc.);;;;;"Objectifs p�dagogiques
Prendre du recul par rapport au � business as usual � dans les projets informatiques.
D�finir les enjeux et contextes du num�rique et pourquoi il est crucial d�int�grer une d�marche d��coconception.
Comprendre l��coconception appliqu�e aux services num�riques.
S�appuyer sur une m�thodologie pour d�ployer le Num�rique Responsable dans les projets.
Identifier les r�f�rentiels et outils existants.
Acqu�rir et de mettre en pratique sous forme d�ateliers les connaissances socles sur le sujet du Num�rique Responsable.
�tre en mesure de concevoir un logiciel en int�grant les bonnes pratiques d��co-conception num�rique.";Cabinet de Conseil, Cabinet de Coaching et Organisme de formation certifi� Qualiopi;Ihmisen Academy;Num�rique Responsable - Ecoconception pour les d�veloppeurs;Toulouse;� Attestation de fin de formation.;3;Pr�sentiel et distanciel;https://www.ihmisen.com/NRE040_Ecoconception-pour-les-developpeurs.php
Formation Continue;Priv�e (�tablissement de formation, entreprise, etc.);;;;;"Objectifs p�dagogiques
Pr�ciser les objectifs du r�f�rentiel.
Comprendre la structure des �l�ments propos�s dans le r�f�rentiel.
Identifier les relations avec les Objectifs de D�veloppement Durable de l�ONU.
Pr�ciser la m�thodologie de mise en �uvre du r�f�rentiel dans une organisation.
Comprendre les �l�ments expos�s dans le r�f�rentiel.
Relier le r�f�rentiel INR avec les autres r�f�rentiels disponibles.";Cabinet de Conseil, Cabinet de Coaching et Organisme de formation certifi� Qualiopi;Ihmisen Academy;Num�rique Responsable � R�f�rentiel � Conception responsable de Services Num�riques � de l�INR;Toulouse;� Attestation de fin de formation.;1;Pr�sentiel et distanciel;https://www.ihmisen.com/NRE060_Referentiel-CoRSer-Num-de-l-INR.php
Formation Continue;Priv�e (�tablissement de formation, entreprise, etc.);;;;;"Objectifs p�dagogiques
Prendre du recul par rapport au � business as usual � dans les projets informatiques.
D�finir les enjeux et contextes du num�rique et pourquoi il est crucial d�int�grer une d�marche d��coconception.
Comprendre l��coconception appliqu�e aux services num�riques.
S�appuyer sur une m�thodologie pour d�ployer le Num�rique Responsable dans les projets.
Identifier les r�f�rentiels et outils existants.
Acqu�rir et de mettre en pratique sous forme d�ateliers les connaissances socles sur le sujet du Num�rique Responsable.
�tre en mesure de concevoir un produit / service en int�grant les bonnes pratiques d��co-conception num�rique.";Cabinet de Conseil, Cabinet de Coaching et Organisme de formation certifi� Qualiopi;Ihmisen Academy;Num�rique Responsable � Ecoconception pour les Fonctionnels;Toulouse;� Attestation de fin de formation.;2;Pr�sentiel et distanciel;https://www.ihmisen.com/NRE070_Ecoconception-pour-les-Fonctionnels.php
Formation Continue;Priv�e (�tablissement de formation, entreprise, etc.);;;;;"Objectifs p�dagogiques
Mettre en �uvre une dynamique collective pour faciliter les partages d�exp�rience.
D�finir les enjeux et contextes du num�rique et pourquoi il est crucial d�int�grer une d�marche d��coconception.
Comprendre pourquoi et comment une d�marche d��coconception permet de r�duire les impacts du num�rique sur l�environnement et l�exclusion des personnes.
Prendre du recul par rapport au � business as usual � dans les projets informatiques.
S�appuyer sur une m�thodologie pour d�ployer le Num�rique Responsable dans les projets.
Acqu�rir et de mettre en pratique sous forme d�ateliers les connaissances socles sur le sujet du Num�rique Responsable.
Identifier les r�f�rentiels et outils existants.
Comprendre l��coconception appliqu�e aux services num�riques.
�tre en mesure de concevoir un logiciel en int�grant les bonnes pratiques d��coconception num�rique.
Comprendre que les performances environnementales, techniques et la s�curit� des services num�riques convergent.
Conna�tre les outils disponibles pour mettre en �uvre l��coconception appliqu�e aux services num�riques.
Renforcer les bonnes pratiques des m�tiers du d�veloppement et du design pour mettre en �uvre efficacement l��coconception.
D�velopper et de transmettre une d�marche holistique d��coconception de service num�rique.";Cabinet de Conseil, Cabinet de Coaching et Organisme de formation certifi� Qualiopi;Ihmisen Academy;Num�rique Responsable � Ecoconception pour les Lead Dev, D�veloppeurs et UX Designers;Toulouse;� Attestation de fin de formation.;3;Pr�sentiel et distanciel;https://www.ihmisen.com/NRE080_Ecoconception-pour-les-lead-dev-developpeurs-UX-designers.php
Formation Continue;Priv�e (�tablissement de formation, entreprise, etc.);;;;;"Objectifs de la formation :
- Avoir la th�orie et la pratique des sujets Num�rique responsable et �coconception num�rique
- Comprendre les impacts du num�rique inscrits dans des enjeux globaux
- Ma�triser les diff�rences de concepts et de valeurs pr�sents dans le Num�rique responsable
- Aborder la d�marche d��coconception num�rique de fa�on simple et outill�e
- Agir, en cr�ant le r�flexe de sobri�t� num�rique au sein des futurs projets num�riques
- R�fl�chir concr�tement � l��coconception d�un service num�rique en minimisant son impact environnemental via un exercice d�optimisation

Le programme d�taill� est le suivant :
1/ Le contexte actuel, les enjeux environnementaux et sociaux
2/ L�impact global du num�rique : Analyse du cycle de vie (ACV) du num�rique et d�un projet de service num�rique
3/ L�impact de la fabrication mat�rielle, de nos usages quotidiens du num�rique et de la fin de vie
4/ Place � la sobri�t� et � la responsabilit� : d�finition des concepts de sobri�t� num�rique, low-tech, green IT, IT4Green, accessibilit�, inclusion, illectronisme, �coconception num�rique, Green-UX, respect des donn�es personnelles, �thique et num�rique responsable
5/ Atelier de r�flexion collective afin de d�finir et de cat�goriser des bonnes pratiques d��coconception et de num�rique responsable
6/ Comment je fais, moi ? Guides, r�f�rentiels et bonnes pratiques d��coconception num�rique tout en pr�tant attention aux effets rebonds
7/ La d�marche de l��coconception num�rique : int�r�t, m�thode, outils de mesure et d�monstration avec des cas pratiques
8/ (Atelier pratique d�1 journ�e) Am�lioration d�un projet web fictif d�s la conception UX";Entreprise d�livrant des formations certifi�es Qualiopi;Temesis;Comprendre le num�rique responsable & la d�marche d��coconception num�rique, avec ateliers pratiques;Paris;Validation de participation;1;Pr�sentiel et distanciel;http://www.temesis.com
Formation Continue;Priv�e (�tablissement de formation, entreprise, etc.);;;;;Un atelier pour comprendre en �quipe et de mani�re ludique les enjeux environnementaux du num�rique.;Association;La Fresque Du Num�rique;La Fresque Du Num�rique;Toute la France;Non;0,5;Pr�sentiel et distanciel;https://www.fresquedunumerique.org/
Formation Continue;Priv�e (�tablissement de formation, entreprise, etc.);;;;;Permettre � un gestionnaire de services num�riques d�adopter des comportements num�riques responsables, conform�ment au r�f�rentiel du Label Num�rique Responsable. Cette formation permet de comprendre le r�f�rentiel de l�INR et de pouvoir s�engager, avec la formation compl�mentaire �?D�marche de Labellisation Num�rique Responsable?� dans la d�marche de labellisation LNR.;Agence de labellisation;Agence Lucie;Maitriser les enjeux et piloter une d�marche Num�rique Responsable avec le label NR;Paris;"En route vers la labellisation
Oui, validation des comp�tences :
-Comprendre les enjeux du num�rique responsable et les comportements clefs � adopter pour les respecter.
-Conna�tre le r�f�rentiel du Label du Num�rique Responsable ainsi que les enjeux de cette th�matique.
-Savoir �valuer les enjeux, son niveau et ses axes d�am�lioration sur le num�rique responsable.

-Identifier les priorit�s propres � son organisation dans le cadre de sa d�marche NR. Se pr�parer � un audit NR externe.
-R�diger des engagements concrets, engageants, r�alisables et conformes aux attentes d�un comit� de labellisation.
-�tre capable de pr�parer l�auto-�valuation d�une organisation et de mener une d�marche de labellisation LNR1 ou LNR2 dans une entreprise ou organisation.";3;Pr�sentiel et distanciel;https://docs.zohopublic.eu/folder/1ciiyda9edd3f0194450b9507cffdd32025d6
Formation Continue;Priv�e (�tablissement de formation, entreprise, etc.);;;;;"Comprendre les liens entre les GAFAM et l'impact environnemental du num�rique
Comment prot�ger ses donn�es personnelles tout en limitant son impact num�rique
Etat des lieux du monde num�rique
Param�trage de smartphone pour r�duire son empreinte �nerg�tique
Test de solution libre et open source
Pr�sentation des alternatives (r�seaux locaux et d�centralis�s)
Utilisation d'outil d'audit et de test
Bonnes pratiques";Formateur ind�pendant;TkPx;Sobri�t� num�rique et internet �co-responsable;La Bernardi�re;Non;0,5;Pr�sentiel et distanciel;https://tkpx.eu/formations-professionnelles/
Formation Continue;Priv�e (�tablissement de formation, entreprise, etc.);;;;;"L'atelier Trivial Num�rique Responsable est une solution ludique, sous forme d�un atelier, qui a fait ses preuves aupr�s d�organisations qui souhaitaient comme vous, int�grer leur syst�me d�information dans leur strat�gie RSE.

L�animation de l�atelier comprend : un jeu de cartes par participant, une r�union de brief pour cadrage avant livraison, 4 affiches sur les impacts du num�rique, une enqu�te en ligne post-atelier, une affiche r�capitulative finale pour valoriser l�action en interne comme en externe.";Entreprise de conseil;OM Conseil;Atelier Trivial Num�rique Responsable;Versailles;Non;0,5;Pr�sentiel et distanciel;https://www.om-conseil.fr/atelier-ludique-de-sensibilisation-au-numerique-responsable/
Formation Continue;Priv�e (�tablissement de formation, entreprise, etc.);;;;;"Au c�ur des enjeux �conomiques, soci�taux et environnementaux, la transformation num�rique bouleverse les mod�les de consommation et fait na�tre des usages num�riques aux r�els impacts soci�taux et �cologiques. Cette formation vous donne les cl�s pour amorcer une transformation num�rique responsable.

Objectifs p�dagogiques
� l�issue de la formation, le participant sera en mesure de :
Identifier les enjeux et les impacts environnementaux et soci�taux du num�rique
Int�grer les solutions d�un num�rique plus responsable
Amorcer une d�marche de responsabilit� num�rique dans son organisation";Organisme de formation;Orsys;Amorcer une transformation num�rique responsable;Puteaux-La d�fense;"Le formateur �value la progression p�dagogique du participant tout au long de la formation au moyen de QCM, mises en situation, travaux pratiques�
Le participant compl�te �galement un test de positionnement en amont et en aval pour valider les comp�tences acquises.";1;Pr�sentiel et distanciel;https://www.orsys.fr/formation-amorcer-une-transformation-numerique-responsable.html
Formation Continue;Priv�e (�tablissement de formation, entreprise, etc.);;;;;"Formation �coconception des services num�riques
L��coconception est un levier majeur de r�duction de l'impact du num�rique. Comment et quand mettre en �uvre une d�marche d��coconception ? Quels outils, quels gains ? Cette formation vous permettra d�appliquer les concepts fondamentaux de l��coconception � vos services num�riques.

Objectifs p�dagogiques
� l�issue de la formation, le participant sera en mesure de :
Comprendre les enjeux du num�rique responsable
Conna�tre les outils de mise en �uvre d'une d�marche d'�coconception d�un service num�rique
�valuer les impacts environnementaux d'un service num�rique
Identifier les leviers d��coconception
Int�grer une d�marche d'�coconception dans le d�veloppement d�un service num�rique
Mesurer les b�n�fices d�une d�marche d��coconception";Organisme de formation;Orsys;Ecoconception des services num�riques;Puteaux-La d�fense;"Le formateur �value la progression p�dagogique du participant tout au long de la formation au moyen de QCM, mises en situation, travaux pratiques�
Le participant compl�te �galement un test de positionnement en amont et en aval pour valider les comp�tences acquises.";2;Pr�sentiel et distanciel;https://www.orsys.fr/formation-ecoconception-des-services-numeriques.html
Formation Continue;Priv�e (�tablissement de formation, entreprise, etc.);;;;;"Cette formation vous permettra d'identifier les principaux leviers d'action � mettre en �uvre pour devenir �co-responsable dans la gestion IT. Vous verrez comment r�duire de fa�on significative certaines charges financi�res, notamment celles correspondant � la consommation �lectrique.

Objectifs p�dagogiques
� l�issue de la formation, le participant sera en mesure de :
Conna�tre les �volutions du Green IT
Analyser le cycle de vie du mat�riel informatique
Proposer diff�rentes solutions pour r�duire les co�ts du data center
Mettre en place et suivre le projet Green IT";Organisme de formation;Orsys;Green IT, d�marche et mise en �uvre;Puteaux-La d�fense;"Le formateur �value la progression p�dagogique du participant tout au long de la formation au moyen de QCM, mises en situation, travaux pratiques�
Le participant compl�te �galement un test de positionnement en amont et en aval pour valider les comp�tences acquises.";2;Pr�sentiel et distanciel;https://www.orsys.fr/formation-green-it-demarche-mise-en-oeuvre.html
Formation Continue;Priv�e (�tablissement de formation, entreprise, etc.);;;;;"A l'issue de cette formation, vous serez en mesure d'identifier les chantiers cl�s pour r�duire la consommation �lectrique d'un centre informatique et serez capable de mettre en �uvre des solutions d'am�lioration favorisant la performance �nerg�tique et environnementale.

Objectifs p�dagogiques
� l�issue de la formation, le participant sera en mesure de :
Optimiser les diff�rents projets Green IT
R�aliser l'�tat des lieux des performances �nerg�tique et environnementale
Choisir les solutions IT appropri�es aux besoins
S�lectionner les solutions li�es � l'infrastructure";Organisme de formation;Orsys;Green Data Center, optimiser sa performance �nerg�tique;Puteaux-La d�fense;"Le formateur �value la progression p�dagogique du participant tout au long de la formation au moyen de QCM, mises en situation, travaux pratiques�
Le participant compl�te �galement un test de positionnement en amont et en aval pour valider les comp�tences acquises.";2;Pr�sentiel et distanciel;https://www.orsys.fr/formation-green-data-center-optimiser-votre-performance-energetique.html
Formation Continue;Priv�e (�tablissement de formation, entreprise, etc.);;;;;"L�accessibilit� est la capacit� d�une ressource num�rique � �tre utilis�e au travers d�applications web ou mobiles par tout individu quelles que soient ses aptitudes. Ce s�minaire vous enseignera l'essentiel pour �tre sensibilis� au sujet de l�accessibilit� num�rique, afin d'am�liorer sa prise en compte.

Objectifs p�dagogiques
� l�issue de la formation, le participant sera en mesure de :
Appr�hender les diff�rents types de handicap
Comprendre l�accessibilit� num�rique, ses impacts et b�n�fices
Conna�tre les lois et les r�f�rentiels techniques";Organisme de formation;Orsys;Sensibilisation � l'accessibilit� num�rique;Puteaux-La d�fense;"Le formateur �value la progression p�dagogique du participant tout au long de la formation au moyen de QCM, mises en situation, travaux pratiques�
Le participant compl�te �galement un test de positionnement en amont et en aval pour valider les comp�tences acquises.";1;Pr�sentiel et distanciel;https://www.orsys.fr/formation-sensibilisation-a-l-accessibilite-numerique.html
Formation Continue;Priv�e (�tablissement de formation, entreprise, etc.);;;;;"Gr�ce aux standards d�accessibilit� mis en place, tous les utilisateurs handicap�s peuvent percevoir, comprendre, naviguer et interagir sur le web. Ce cours vous pr�sentera les connaissances essentielles et les bonnes pratiques � suivre pour viser l�accessibilit� � toutes les �tapes d�un projet web.

Objectifs p�dagogiques
� l�issue de la formation, le participant sera en mesure de :
Conna�tre et �valuer les crit�res d�accessibilit�
Savoir piloter la prise en compte de l�accessibilit� aux diff�rentes �tapes d�un projet web
Avoir des indicateurs de co�t et de complexit�
Identifier les enjeux et �l�ments cl�s pour r�ussir la prise en compte de l�accessibilit�";Organisme de formation;Orsys;L'accessibilit� num�rique dans un projet;Puteaux-La d�fense;"Le formateur �value la progression p�dagogique du participant tout au long de la formation au moyen de QCM, mises en situation, travaux pratiques�
Le participant compl�te �galement un test de positionnement en amont et en aval pour valider les comp�tences acquises.";1;Pr�sentiel et distanciel;https://www.orsys.fr/formation-accessibilite-numerique-dans-un-projet.html
Formation Continue;Priv�e (�tablissement de formation, entreprise, etc.);;;;;"L'accessibilit� des sites web et des applications mobiles est une n�cessit� commerciale, voire une obligation r�glementaire dans certains cas. Le RGAA recense les crit�res d�accessibilit�. Ce cours pratique pr�sente le d�roulement des audits RGAA pour les sites web ou pour les applications mobiles.

Objectifs p�dagogiques
� l�issue de la formation, le participant sera en mesure de :
Conna�tre les principaux r�f�rentiels d�accessibilit� d�un site web ainsi que leurs relations
�tre capable de retrouver et d'expliquer les crit�res d'accessibilit� du RGAA
�tre capable de retrouver et d'expliquer les crit�res d'accessibilit� du RGAA-APPS
Savoir trouver les outils de validation des crit�res d'accessibilit� d'un site web ou d�une application mobile
Savoir conduire l'audit RGAA d'un site web ou d�une application mobile et le restituer";Organisme de formation;Orsys;RGAA, auditer l'accessibilit� d'un site web ou d'une application mobile;Puteaux-La d�fense;"Le formateur �value la progression p�dagogique du participant tout au long de la formation au moyen de QCM, mises en situation, travaux pratiques�
Le participant compl�te �galement un test de positionnement en amont et en aval pour valider les comp�tences acquises.";5;Pr�sentiel et distanciel;https://www.orsys.fr/formation-rgaa-audit-accessibilite-site-web-ou-application-mobile.html
Formation Continue;Priv�e (�tablissement de formation, entreprise, etc.);;;;;"- Impacts des TIC (Technologie Informatique Communication) sur l�environnement
- D�finition du Green IT et de ses principaux indicateurs
- Les diff�rents p�rim�tres du num�rique responsable";Ecole d'Ing�nieurs;ESAIP;Comprendre les enjeux du num�rique responsable;Saint-Barth�lemy d'Anjou;OUI // Cr�dits ECTS ?;2;Pr�sentiel et distanciel;www.esaip.org
Formation initiale;Priv�e (�tablissement de formation, entreprise, etc.);;;;;"Comprendre l��coconception logicielle (d�finition, p�rim�tre, limites, etc.)
Ma�triser les principes g�n�raux d��coconception des logiciels :- Architecture- Dimension sociale et environnementale
Les Green Patterns";Ecole d'Ing�nieurs;ESAIP;L��co-conception logicielle;Saint-Barth�lemy d'Anjou;OUI // cr�dits ECTS;3;Pr�sentiel et distanciel;www.esaip.org
Formation initiale;Priv�e (�tablissement de formation, entreprise, etc.);;;;;"Outils d�analyse d�un parc informatique
Mis en place d�une politique de gestion de l��nergie d�un r�seau informatique
Optimisation des infrastructures (Cloud, Virtualisation, �)
...";Ecole d'Ing�nieurs;ESAIP;Syst�mes et R�seaux Eco-Responsables;Saint-Barth�lemy d'Anjou;OUI // Cr�dits ECTS;3;Pr�sentiel et distanciel;www.esaip.org
Formation Continue;Priv�e (�tablissement de formation, entreprise, etc.);;;;;"- Comprendre les enjeux de l�accessibilit� num�rique
- Comprendre les usages et besoins des personnes en situation de handicap
- Identifier les �l�ments cl�s pour la bonne prise en compte de l'accessibilit� num�rique et du RGAA";Entreprise de conseil et organisme de formation;Ideance;D�couvrir l�accessibilit� num�rique;Rouen;Non;0,5;Pr�sentiel et distanciel;https://ideance.net/fr/formation-accessibilite/
Formation Continue;Priv�e (�tablissement de formation, entreprise, etc.);;;;;"- Savoir piloter la prise en compte de l�accessibilit� et du RGAA dans un projet
- Avoir des indicateurs et des ordres de grandeur de co�t / complexit�
- Identifier les enjeux et les �l�ments cl�s pour r�ussir la prise en compte de l�accessibilit� num�riq";Entreprise de conseil et organisme de formation;Ideance;Piloter la prise en compte de l�accessibilit�;Rouen;Non;0,5;Pr�sentiel et distanciel;https://ideance.net/fr/formation-accessibilite/
Formation Continue;Priv�e (�tablissement de formation, entreprise, etc.);;;;;"- Savoir prendre en compte l�accessibilit� et respecter le RGAA dans la conception fonctionnelle et graphique de sites ou d�applications web et mobiles
- Conna�tre les r�gles et bonnes pratiques d�accessibilit� qui touchent l�UX (User Experience) et l�UI ";Entreprise de conseil et organisme de formation;Ideance;Concevoir des interfaces accessibles;Rouen;Non;1;Pr�sentiel et distanciel;https://ideance.net/fr/formation-accessibilite/
Formation Continue;Priv�e (�tablissement de formation, entreprise, etc.);;;;;"- Savoir prendre en compte l�accessibilit� et respecter le RGAA dans la r�daction et publication de contenus (web et r�seaux sociaux)
- Conna�tre les r�gles d�accessibilit� num�rique pour les contenus web (textes, liens, images, vid�os, etc.)";Entreprise de conseil et organisme de formation;Ideance;R�diger et publier des contenus accessibles;Rouen;Non;1;Pr�sentiel et distanciel;https://ideance.net/fr/formation-accessibilite/
Formation Continue;Priv�e (�tablissement de formation, entreprise, etc.);;;;;"- Savoir prendre en compte l�accessibilit� et respecter le RGAA lors du d�veloppement technique d�un projet web
- Conna�tre les r�gles d�accessibilit� web (HTML, CSS, JavaScript)
- Savoir �valuer l�accessibilit� de ses d�veloppements web";Entreprise de conseil et organisme de formation;Ideance;D�velopper des sites et applications web accessibles;Rouen;Non;3;Pr�sentiel et distanciel;https://ideance.net/fr/formation-accessibilite/
Formation Continue;Priv�e (�tablissement de formation, entreprise, etc.);;;;;"- Savoir prendre en compte l�accessibilit� lors du d�veloppement d�applications mobiles
- Conna�tre les r�gles d�accessibilit� mobile (iOS et Android)
- Savoir �valuer l�accessibilit� de ses applications mobiles";Entreprise de conseil et organisme de formation;Ideance;D�velopper des applications mobiles accessibles;Rouen;Non;2;Pr�sentiel et distanciel;https://ideance.net/fr/formation-accessibilite/
Formation Continue;Priv�e (�tablissement de formation, entreprise, etc.);;;;;"Objectifs de la formation certifi�e Qualiopi :
- Avoir la th�orie et la pratique des sujets Num�rique responsable et �coconception num�rique
- Comprendre les impacts du num�rique inscrits dans des enjeux globaux
- Ma�triser les diff�rences de concepts et de valeurs pr�sents dans le Num�rique responsable
- Aborder la d�marche d��coconception num�rique de fa�on simple et outill�e
- Agir, en cr�ant le r�flexe de sobri�t� num�rique au sein des futurs projets num�riques
- R�fl�chir concr�tement � l��coconception d�un service num�rique en minimisant son impact environnemental via un exercice d�optimisation (atelier participatif d'1 journ�e)";Entreprise de conseil et organisme de formation;Temesis;Comprendre le num�rique responsable & la d�marche d��coconception num�rique;Paris;#NOM?;2;Pr�sentiel et distanciel;https://temesis.hop3team.com/formations/formation-complete-comprendre-le-numerique-responsable-la-demarche-d-ecoconception-numer
Formation initiale;Publique  (universit�, �cole d'ing�nieur, etc.);Universit� de Pau et des Pays de l'Adour;IUT De Bayonne / D�pt. Informatique;BUT (Bac+3);Un ou plusieurs modules / unit�s d'enseignement;BUT 2 - 1 S�ance de cours de sensibilisation � la conso du num�rique (1h);Enseignement sup�rieur;;;Anglet;;1;Pr�sentiel;
Formation initiale;Publique  (universit�, �cole d'ing�nieur, etc.);Universit� de Pau et des Pays de l'Adour;IUT De Bayonne / D�pt. Informatique;BUT (Bac+3);Un ou plusieurs modules / unit�s d'enseignement;BUT 3/LP - S�ance de cours sur sensibilisation, pr�sentation de bonnes pratiques + travail collectif (expos�s) th�matiques sur des points sp�cifiques en lien avec l'�coconception, la conso, des r�gles de bonnes pratiques, etc. (15h);Enseignement sup�rieur;;;Anglet;;2;Pr�sentiel;
Formation initiale;Publique  (universit�, �cole d'ing�nieur, etc.);Universit� de Pau et des Pays de l'Adour;Master informatique, parcours SIGLIS;Master (Bac+5);Un ou plusieurs modules / unit�s d'enseignement;"L'objectif du cours ""Green IT"" est d'introduire la d�finition du Green IT et du d�veloppement durable en informatique, et de comprendre les principaux concepts en lien avec la mesure de l'�nergie dans les syst�mes informatiques, l'�co-conception de logiciels durables, et les d�fis �nerg�tiques dans le cloud computing et les centres de donn�es.";Enseignement sup�rieur;Universit� de Pau et des Pays de l'Adour;Green It;Anglet;Cr�dits ECTS 2.0;2;Pr�sentiel;https://formation.univ-pau.fr/fr/catalogue/sciences-technologies-sante-STS/master-14/master-informatique-79_1/m1-m2-parcours-systemes-informatiques-pour-le-genie-de-la-logistique-industrielle-et-des-services-siglis-126_1/amelioration-continue-K1C9B5WX/green-it-K1C9DJJS.html
Formation initiale;Publique  (universit�, �cole d'ing�nieur, etc.);Universit� de Bordeaux;UF Informatique;Licence (Bac+3);Un ou plusieurs modules / unit�s d'enseignement;L1 : fresque du climat + petit projet autour du d�veloppement durable en lien avec le num�rique;Enseignement sup�rieur;Universit� de Bordeaux;;Bordeaux;;0,5;pr�sentiel;
Formation initiale;Publique  (universit�, �cole d'ing�nieur, etc.);Universit� de Bordeaux;UF Informatique;Licence (Bac+3);Un ou plusieurs modules / unit�s d'enseignement;"L3 : 20h de Cours, Ateliers et projets sur les th�matiques :
urgence climatique, place du num�rique, impacts directs, indirects, sant�, eco-geste, eco-conception";Enseignement sup�rieur;Universit� de Bordeaux;;Bordeaux;;3;pr�sentiel;
Formation initiale;Publique  (universit�, �cole d'ing�nieur, etc.);Universit� de Bordeaux;UF Informatique;Autre;Une intervention isol�e (s�minaire ou s�ance de cours);- Cours de 6h � l'�cole doctorale math-info : urgence climatique, place du num�rique, impacts directs, indirects, sant�, ecogeste, eco-conception;Enseignement sup�rieur;Universit� de Bordeaux;;Bordeaux;;1;pr�sentiel;
Formation initiale;Publique  (universit�, �cole d'ing�nieur, etc.);Universit� de Bordeaux;UF Informatique;Autre;Une intervention isol�e (s�minaire ou s�ance de cours);- S�minaire d'une heure sur une vue g�n�rale de l'impact du num�rique dans l'EUR Numerics (Master-Doctorat);Enseignement sup�rieur;Universit� de Bordeaux;;Bordeaux;;0,5;pr�sentiel;
Formation initiale;Publique  (universit�, �cole d'ing�nieur, etc.);Universit� de Lille;Polytech Lille;Ecole d'ing�nieur (Bac+5);Un ou plusieurs modules / unit�s d'enseignement;UE Informatique et d�veloppement durable : 2 h de cours + 2x2 h de TD;Enseignement sup�rieur;Polytech Lille;"
Informatique et d�veloppement durable

";Lille;;1;pr�sentiel;https://www.polytech-lille.fr/formation/8-specialites/informatique-et-statistique/
Formation initiale;Publique  (universit�, �cole d'ing�nieur, etc.);La Rochelle Universit�;IUT de la Rochelle / DUT Informatique;BUT (Bac+3);Un ou plusieurs modules / unit�s d'enseignement;Approche de la d�marche d'�co-conception des services num�riques (impact du num�rique, bonnes pratiques, mesure de performance, ...);Enseignement sup�rieur;La Rochelle Universit�;DUT Informatique - parcours Environnement Connect� Intelligent;La Rochelle;;;pr�sentiel;
Formation initiale;Publique  (universit�, �cole d'ing�nieur, etc.);Institut Mines T�l�com - T�l�com SudParis;Informatique;Ecole d'ing�nieur (Bac+5);Un ou plusieurs modules / unit�s d'enseignement;"Module (en construction) destin� aux �l�ves ing�nieur (niveau M1)
Titre : Num�rique et consommation �nerg�tique : agir du processeur au logiciel
L�objectif du module est de fournir aux futurs ing�nieurs des m�thodes qui leur permettent d�int�grer l�aspect consommation �lectrique d�un syst�me informatique d�s la conception de ces syst�mes. Afin d�acqu�rir cette comp�tence, nous proposons des cours et des Tps qui permettent de prendre en main
- des instruments de mesure de la consommation �nerg�tique sur diff�rents �quipements informatiques
- de mod�liser la consommation �nerg�tique de syst�mes plus complexes";Enseignement sup�rieur;IMT - Telecom Sud Paris;Num�rique et consommation �nerg�tique : agir du processeur au logiciel;�vry;;;Pr�sentiel;https://www-inf.telecom-sudparis.eu/COURS/CSC4535/numenv/?page=numenv
Formation initiale;Publique  (universit�, �cole d'ing�nieur, etc.);La Rochelle Universit�;Formation Num�rique responsable;Autre;"Pr�senter de fa�on globale et coh�rente les nuisances g�n�r�es par les �quipements informatiques et ce, durant l�ensemble de la dur�e de vie de chaque �quipement : aux diff�rents stades de fabrication, d�utilisation (consommation d��nergie) et de fin de vie (gestion/r�cup�ration des d�chets, pollution, �puisement des ressources non renouvelables)
Proposer une m�thodologie et des outils pour une mise en pratique du num�rique responsable
Permettre aux stagiaires de valider un certificat de connaissances � Num�rique responsable � cr��e par le formateur et l�Institut du Num�rique responsable";"Le concept de num�rique responsable vise � r�duire l�empreinte �cologique et sociale des Technologies de l�Information et de la Communication.
L�objectif de cette formation est d�initier au concept de num�rique responsable. Il s�agit de :
Pr�senter de fa�on globale et coh�rente les nuisances g�n�r�es par les �quipements informatiques et ce, durant l�ensemble de la dur�e de vie de chaque �quipement : aux diff�rents stades de fabrication, d�utilisation (consommation d��nergie) et de fin de vie (gestion/r�cup�ration des d�chets, pollution, �puisement des ressources non renouvelables)
Proposer une m�thodologie et des outils pour une mise en pratique du num�rique responsable
Permettre aux stagiaires de valider un certificat de connaissances � Num�rique responsable � cr��e par le formateur et l�Institut du Num�rique responsable";Enseignement sup�rieur;Universit� de La Rochelle;Le num�rique responsable;La Rochelle;;2;Pr�sentiel et distanciel;https://formations.univ-larochelle.fr/formation-numerique-responsable
Formation initiale;Publique  (universit�, �cole d'ing�nieur, etc.);IMT Mines Albi;GSI / ETN;Ecole d'ing�nieur (Bac+5);Un ou plusieurs modules / unit�s d'enseignement;"Module autour du num�rique responsable :
- acculturation sur le sujet
- sensibilisation aux impacts environnementaux du num�rique
- sensibilisation + atelier �coconception
- sensibilisation + atelier accessibilit�
- sensibilisation cybers�curit�";Enseignement sup�rieur;IMT Mines Albi;;Albi;;;Pr�sentiel;
Formation initiale;Publique  (universit�, �cole d'ing�nieur, etc.);Universit� Capitole 1, Toulouse;2IS;Master (Bac+5);Un ou plusieurs modules / unit�s d'enseignement;"Module autour du num�rique responsable (en anglais) :
- acculturation sur le sujet
- sensibilisation aux impacts environnementaux du num�rique
- sensibilisation + atelier �coconception
- sensibilisation + atelier accessibilit�
- sensibilisation cybers�curit�";Enseignement sup�rieur;Universit� Toulouse 1 Capitole;;Toulouse;;;Pr�sentiel;https://miage.ut-capitole.fr/master-2is-innovative-information-systems--611942.kjsp
Formation initiale;Publique  (universit�, �cole d'ing�nieur, etc.);Universit� Paul Val�ry, Montpellier;MIASHS;Master (Bac+5);Un ou plusieurs modules / unit�s d'enseignement;Sensibilisation au num�rique responsable avec un focus sur l'�coconception et l'accessibilit�, cours et ateliers.;Enseignement sup�rieur;Universit� Paul Val�ry, Montpellier;;Montpellier;;;Pr�sentiel;https://ufr6.www.univ-montp3.fr/fr/formation/masters/master_miashs
Formation initiale;Publique  (universit�, �cole d'ing�nieur, etc.);IMT Al�s;2IA;Ecole d'ing�nieur (Bac+5);Une intervention isol�e (s�minaire ou s�ance de cours);Sensibilisation au num�rique responsable et � l'�coconception.;Enseignement sup�rieur;IMT Mines Al�s;;Ales;;;Pr�sentiel;https://www.imt-mines-ales.fr/formations/domaines-dexcellence/informatique-et-intelligence-artificielle
Formation initiale;Publique  (universit�, �cole d'ing�nieur, etc.);Mines Saint-Etienne;Management Responsable et Innovation / Cycle ICM + ISMIN;Ecole d'ing�nieur (Bac+5);Un ou plusieurs modules / unit�s d'enseignement;"Objectifs du cours ""Green IT"" int�gr� au Tronc Commun Climat, Environnement, D�veloppement Durable :
- Replacer l�homme au c�ur des r�flexions sur le ph�nom�ne de transition num�rique
- D�finir ce qu�est la transition num�rique et en dresser un tableau chiffr�
- Comprendre comment les organisations peuvent s�approprier ce th�me : invitation � une conception � green � du SI dans une d�marche RSE
- Appr�hender les approches d'�co-conception (web et du SI).

Fresque du num�rique r�alis�e sur l'ensemble des �tudiants en 2A de cycle d'ing�nieurs du parcours ISMIN et sur une trentaine d'�tudiants du cycle ICM";Enseignement sup�rieur;Mines Saint-Etienne;;Saint-�tienne;;;Pr�sentiel;
Formation initiale;Publique  (universit�, �cole d'ing�nieur, etc.);Chaire Impact Positif Audencia / Plateforme RSE de la m�tropole nantaise;-;Autre;Une intervention isol�e (s�minaire ou s�ance de cours);"Pour sensibiliser les entreprises � ces diff�rents enjeux, 10 r�seaux nantais se sont impliqu�s et ont co-construit un module d�accompagnement de deux heures sur la th�matique : #Num�riqueTraining.

Le contenu s�articule autour de trois grands sujets :
Num�rique durable et soutenable
Num�rique inclusif
Num�rique �thique";Enseignement Sup�rieur;Audencia;#Num�riqueTraining;Nantes;;0,5;Distanciel;https://rse.metropole.nantes.fr/agir/boite-a-outils-rse-nantes/se-former-au-numerique-responsable/
Formation initiale;Publique  (universit�, �cole d'ing�nieur, etc.);IMT Atlantique;LUSSI;Ecole d'ing�nieur (Bac+5);Un ou plusieurs modules / unit�s d'enseignement;"UE Face cach�e du num�rique : impacts environnementaux, sociaux et soci�taux de l'essor des nouvelles technologies (60H dont 40H encadr�es)

Pr�sentation de l�UE :

A l�heure o� la r�duction de notre empreinte �cologique est per�ue comme une n�cessit�, on ne peut ignorer l�impact environnemental du d�veloppement des technologiques num�riques. Dans un rapport de l�ADEME (Agence de l'Environnement et de la Ma�trise de l'�nergie) publi� en 2019, ce secteur est d�crit comme � responsable de 4 % des �missions mondiales de gaz � effet de serre et la forte augmentation des usages laisse pr�sager un doublement de cette empreinte carbone d'ici 2025 � (� La face cach�e du num�rique �, ADEME). Outre son impact en termes de consommation �nerg�tique, la place du num�rique, toujours plus grande dans nos soci�t�s, a aussi de nombreux impacts sociaux et soci�taux et soul�ve des questions �thiques, qu�un ing�nieur, acteur de la transition num�rique, ne peut pas ignorer.

L�objectif de cette UE est de fournir aux �l�ves :
- les cl�s pour appr�hender les enjeux environnementaux, sociaux et soci�taux de la transformation num�rique des entreprises et de la soci�t�
- une bo�te � outils qui leur permettra de contribuer � une transformation num�rique responsable

Organisation de l'UE :
- Un �tat des lieux synth�tique et exhaustif des impacts du num�rique : r�alis� � partir d�un atelier pour comprendre en �quipe et de mani�re ludique les enjeux environnementaux, sociaux et soci�taux du num�rique (Fresque du num�rique).
- Des focus sur une s�rie de th�mes : num�rique et environnement, �thique du num�rique, num�rique et g�opolitique, num�rique responsable, num�rique et travail
Les �l�ves se familiariseront avec les notions d'�conomie circulaire, d'�co-conception, d'analyse du cycle de vie, de m�taux rares, de num�rique responsable, de digital labor, etc. Ils assisteront � des cours et conf�rences et d�battront afin de creuser chacun de ces th�mes et d'appr�hender des �l�ments de solutions. La notion d'analyse de cycle de vie sera notamment abord�e via la r�alisation d'une ACV simplifi�e.
- Une s�ance d'�changes avec des alumnis";Enseignement Sup�rieur;IMT Atlantique; Face cach�e du num�rique : impacts environnementaux, sociaux et soci�taux de l'essor des nouvelles technologies;Nantes;;8;Pr�sentiel;https://moodle.imt-atlantique.fr/course/view.php?id=1429
Formation Continue;Priv�e (�tablissement de formation, entreprise, etc.);;;;"Comprendre les concepts fondamentaux et la d�marche de l��co-conception de services num�riques.
Int�grer les �tapes cl�s et les outils.
Mettre en �uvre les bonnes pratiques de l��co-conception appliqu�e aux sites Web et autres services num�riques.";"DEFINITIONS?
L��co�conception?: un axe du num�rique responsable
L��co�conception de services num�riques
L��co�conception et l�accessibilit�


DEMARCHE ET OUTILS?
Les �tapes cl�s de la d�marche
Les outils d��valuation d�impact et de bonnes pratiques
Enjeux et b�n�fices


ATELIER PRATIQUE
Analyse de parcours utilisateur et de l�impact environnemental d�un site
Identification des principaux leviers d�action
Exemples d�am�lioration


CHECK-LIST DES BONNES PRATIQUES";Professionnel;Agence Lucie;Introduction � l��co-conception de services num�riques;Paris;;1;Distanciel;https://agence-lucie.com/formation/introduction-eco-conception-services-numeriques/
Formation Continue;Priv�e (�tablissement de formation, entreprise, etc.);;;;"S'approprier la d�marche d'�coconception de service num�rique au travers de l'�coconception d'un site web et savoir la situer par rapport aux d�marches plus larges de conception responsable de service num�rique et de Green IT
Ma�triser les concepts fondamentaux de l'�coconception et savoir les appliquer dans le domaine du num�rique et notamment aux services num�riques
Ma�triser la m�thodologie et les outils permettant d'�co-concevoir un service num�rique
Savoir �valuer la performance et la maturit� environnementale d'un service num�rique";"Jour 1 - Apports th�oriques

Etat de l�art �coconception de services num�riques

Du d�veloppement durable � l'�coconception des services num�riques
Identifier les enjeux du d�veloppement durable appliqu� au num�rique
Evaluer le potentiel de l'�coconception pour r�duire l�empreinte �cologique associ�e
D�couvrir les principes fondamentaux de l'�coconception des �quipements
L'�coconception des services num�riques
Appr�hender l��coconception des services num�riques (d�finition, p�rim�tre, limites, etc.)
Ma�triser les principes g�n�raux d��coconception des services num�riques
Retours d�exp�rience

Les outils

La d�marche projet
Les r�f�rentiels de bonnes pratiques
Les outils d��valuation
Les bonnes pratiques prioritaires : survol de l�ensemble des bonnes pratiques adapt�es � chaque �tape du cycle de vie puis �tude de chacune d�elle (quelques dizaines en d�tail)
Expression du besoin
Conception graphique et technique
D�veloppement / programmation
D�ploiement / mise en production
Fin de vie

Jour 2 - Mise en pratique

Atelier analyse
L�intervenant et les participants s�lectionnent un service num�rique � �tudier. Le formateur d�roule le projet en acc�l�r� pour aider les participants � concr�tiser la d�marche, � comprendre l�encha�nement des �tapes, et � utiliser les outils

Analyse en groupe
Les participants r�alisent seuls � l'�coconception d�un service num�rique de leur choix

Jour 3 - Restitutions et certification

Restitution
Les participants restituent le r�sultat de leurs analyses au formateur qui joue le r�le de client.
L�intervenant identifie les points acquis et ceux sur lesquels il faut encore progresser.
";Professionnel;Octo Academy;(�co)conception responsable de service num�rique;Paris;Certificat de connaissance GreenIT;3;Pr�sentiel;https://www.octo.academy/formations/formation/151/ecoconception-responsable-de-service-numerique/1465/
Formation initiale;Publique  (universit�, �cole d'ing�nieur, etc.);;;;;"Impact de l'informatique sur l'environnement
Fabrication
Utilisation
Destruction/Recyclage
L'informatique au service de l'environnement
Un monde toujours plus connect� ...
Etat des lieux
Perspectives
... et des ressources finies
Etat des lieux
Perspectives
Nos moyens d'action
R�gles citoyennes de bonne conduite
Evolution de la legislation (EU)
Perspectives acad�miques, de la recherche � l'enseignement";Acad�mique;Ecoles des Mines de Nantes;GreenIT : A practical study from IoT to the Cloud;Nantes;;5;Pr�sentiel;http://greenit.menaud.fr/
Formation Continue;Priv�e (�tablissement de formation, entreprise, etc.);;;;"Ma�triser la d�marche et la m�thodologie d��coconception logicielle
Savoir identifier les bonnes pratiques � mettre en �uvre
Savoir mesurer la performance environnementale d�un logiciel / site web";"�tat de l�art �coconception de services num�riques
Du d�veloppement durable � l'�coconception des logiciels

Comprendre les enjeux du d�veloppement durable appliqu� aux TIC
Evaluer le potentiel de l'�coconception des TIC pour r�duire l�empreinte �cologique associ�e
D�couvrir les principes fondamentaux de l'�coconception des �quipements

L'�coconception des logiciels

Comprendre l��coconception logicielle (d�finition, p�rim�tre, limites, etc.)
Ma�triser les principes g�n�raux d��coconception des logiciels:
- Architecture
- Dimension sociale
- Dimension environnementale

Retours d�exp�rience

Les outils
Cette partie illustre la d�marche en pr�sentant les outils et m�thodologies adapt�s aux services en ligne.

La d�marche projet

Les r�f�rentiels de bonnes pratiques

Les outils d��valuation

Les bonnes pratiques prioritaires

Survol de l�ensemble des bonnes pratiques adapt�es � chaque �tape du cycle de vie puis �tude de chacune d�elle (quelques dizaines en d�tail):
- Expression du besoin
- Conception graphique et technique
- D�veloppement / programmation
- D�ploiement / mise en production
- Fin de vie

Atelier analyse

Le p�dagogue et les participants s�lectionnent un service num�rique � �tudier. Le formateur d�roule le projet en acc�l�r� pour aider les participants � concr�tiser la d�marche, � comprendre l�encha�nement des �tapes, et � utiliser les outils.

Atelier analyse

Les participants poursuivent l�analyse du service num�rique sur la premi�re partie de la matin�e. Le formateur les aide � r�aliser cette analyse.

Restitution
Les participants restituent le r�sultat de leurs analyses au formateur qui joue le r�le de client. Le formateur identifie les points acquis et ceux sur lesquels il faut encore progresser.";Professionnel;PLB Consultant;Formation �co-Conception de Services Num�riques;"Levallois-Perret
";"Certification ""Eco Conception Web""
Il se pr�sente sous la forme d'un QCM de 60 questions auxquelles il vous faudra r�pondre en 60 minutes. Il vous faut un score de 65% afin d'obtenir votre certification.";3;Pr�sentiel et distanciel;https://www.plb.fr/formation/oracle/formation-eco-conception-logiciels,5-700598.php
Formation Continue;Priv�e (�tablissement de formation, entreprise, etc.);;;;"Expliquer l��co-conception et la pens�e cycle de vie
Identifier les enjeux pour l�entreprise : r�glementaire, strat�gique, �conomique
R�aliser une ACV simplifi�e et exploiter ses r�sultats
D�finir les �tapes pour mettre en place une d�marche d��co-conception selon la norme CEN TS 16524 / NF E 01 005 (m�thodologie d��co-conception pour les produits de la m�canique)
Expliquer le lien entre la d�marche d��co-conception et les exigences du r�f�rentiel ISO 14001:2015 relatives � la perspective cycle de vie du produit";"Module 1 � Ecoconception et pens�e cycle de vie : comprendre l��co-conception
Principes et notions fondamentales de l��co-conception
Module 2 � R�glementations et normes applicables � l��co-conception : appr�hender le cadre r�glementaire et normatif de l��co-conception
R�glementations
Panorama des r�glementations applicables
Zoom sur certaines r�glementations : Reach, RoHS, Directive ErP (Ecodesign), fili�res REP (DEEE, VHU)
Normes
Panorama des normes applicables
Module 3 � Enjeux strat�giques et de march� : comprendre les int�r�ts d�une d�marche d��co-conception pour son entreprise
Enjeux strat�giques
Image
Communication : normes et r�f�rentiels pour l'affichage environnemental produit
Enjeux de march�
Enjeux �conomiques
Module 4 � M�thodes et outils de l'�co-conception : appr�hender les approches possibles, et comprendre les principes de l'ACV
Panorama des outils
Zoom sur l'�valuation environnementale par l�analyse du cycle de vie (ACV)
Principes
Cadre m�thodologique
Logiciels et bases de donn�es de mod�lisation
Illustration par une ACV simplifi�e sur une �tude de cas avec Ecodesign Studio
Module 5 � R�alisation d'une d�marche d'�co-conception : mise en �uvre dans le processus de d�veloppement produit de son entreprise
Principes et structure g�n�rale de la d�marche suivant la norme CEN TS 16524 / NF E 01 005
R�alisation d'une analyse strat�gique du produit
Analyse environnementale : �tablir le profil d'un produit de r�f�rence
Identification et priorisation des pistes d�am�lioration
Mise en place d'indicateurs et suivi de l'am�lioration environnementale
Bilan et communication des r�sultats obtenus
Illustration de chaque �tape par une �tude de cas � l'aide du logiciel Ecodesign Studio
Module 6 � Int�gration de la d�marche d'�co-conception dans son syst�me de management environnemental : faire le lien avec les exigences sur la perspective cycle de vie du produit du r�f�rentiel ISO 14001:2015
Structure de l'approche et principe d'am�lioration continue
Les exigences sur la perspective cycle de vie du produit du r�f�rentiel ISO 14001:2015
D�clinaison de ses exigences environnementales vis-�-vis des parties int�ress�es externes";Organisme de formation;CETIM;Comprendre et mettre en place une d�marche �co-conception;Saint-�tienne;;2;Distanciel;https://www.cetim.fr/formation/formation/Conception/Eco-conception/comprendre-et-mettre-en-place-une-demarche-eco-conception-g10
Formation Continue;Priv�e (�tablissement de formation, entreprise, etc.);;;;"Expliquer l��co-conception et la pens�e cycle de vie  
Identifier les enjeux pour l�entreprise : r�glementaire, strat�gique, �conomique  
R�aliser une ACV simplifi�e et exploiter ses r�sultats  
Mettre en place une d�marche d��co-conception �tape par �tape selon la norme CEN TS 16524 / NF E 01 005  
Faire le lien entre la d�marche d��co-conception et les exigences du r�f�rentiel ISO 14001:2015.";"Module 1 : Ecoconception et pens�e cycle de vie
Principes et notions fondamentales de l��co-conception
Module 2 :R�glementations et normes applicables � l��co-conception
Panorama des r�glementations
Zoom sur certaines r�glementations : Reach, RoHS, Directive ErP (Ecodesign), fili�res REP (DEEE, VHU)
Panorama des normes
Module 3 : Enjeux strat�giques et de march�
Enjeux et int�r�ts d�une d�marche d��co-conception pour son entreprise
R�f�rentiels de communication de la performance environnementale de ses produits
Module 4 : M�thodes et outils de l'�co-conception
Panorama des outils
Zoom sur l'�valuation environnementale par l�analyse du cycle de vie (ACV)
Illustration par une ACV simplifi�e sur une �tude de cas avec le logiciel Ecodesign Studio
Module 5 : R�alisation d'une d�marche d'�co-conception
Mise en �uvre �tape par �tape de la d�marche suivant la norme CEN TS 16524 / NF E 01 005
Mise en pratique sur une �tude de cas avec le logiciel Ecodesign Studio
Module 6 : Int�gration de la d�marche d'�co-conception dans son syst�me de management environnemental
Structure de l'approche et principe d'am�lioration continue
Lien entre la d�marche et les exigences sur la perspective cycle de vie du r�f�rentiel ISO 14001:2015
D�clinaison de ses exigences environnementales vis-�-vis des parties int�ress�es externes";Organisme de formation;CETIM;Innover sur vos produits : comprendre et mettre en place une d�marche �co-conception;Mulhouse;;2;Distanciel;https://www.cetim.fr/formation/formation/Conception/Eco-conception/innover-sur-vos-produits-comprendre-et-mettre-en-place-une-demarche-eco-conception-w-g10
Formation Continue;Priv�e (�tablissement de formation, entreprise, etc.);;;;"Objectifs p�dagogiques
R�aliser et interpr�ter une ACV.
Utiliser les fonctions principales de l'outil SimaPro.
Comprendre les connexions entre l'ACV et l'�co-conception des produits";"Principes de l'Analyse du cycle de vie (ACV)
Contexte normatif et r�glementaire (normes ISO 14040/44).
Pr�sentation des �tapes de l'ACV.
Pr�sentation des diff�rentes bases de donn�es.
Pr�sentation des diff�rentes m�thodes de calcul.
Rappel des r�gles de la communication environnementale sur la base d'une ACV.
Pr�sentation du logiciel SimaPro et mise en application pratique
Pr�sentation du domaine d'application et des fonctions principales.
�tude de cas sur un exemple industriel incluant :
la collecte de donn�es  
la mod�lisation du cycle de vie d'un produit  
le choix des m�thodes de calcul  
l'interpr�tation des r�sultats  
le lien avec l'�co-conception (am�lioration de produit d'un point de vue environnemental).";Organisme de formation;CETIM;Savoir r�aliser une Analyse du cycle de vie (ACV) d'un produit;Paris;;2;Pr�sentiel et distanciel;https://www.cetim.fr/formation/formation/Industrie-du-Futur/Eco-conception/savoir-realiser-une-analyse-du-cycle-de-vie-acv-d-un-produit-g11
Formation initiale;Publique  (universit�, �cole d'ing�nieur, etc.);ESIEE[IT];;;"Au terme de cette formation, tout participant saura :

Quelles sont les grandes tendances en mati�re de num�rique responsable
Proposer des solutions pour r�duire les co�ts
Mettre en place un projet Green IT";"Module 1. Green IT : Contexte et enjeux
L�augmentation de la consommation �nerg�tique
Les premi�res initiatives dans le domaine du recyclage
D�finition du Green IT
Effet de mode, effet marketing ou effet durable ?
Un enjeu majeur pour tous
Module 2. Le Green IT, du projet � la mise en �uvre
Six grandes �tapes fondamentales
Initialisation de la strat�gie Green IT dans l�entreprise
Analyse et audit de l�existant
Pond�ration des indicateurs de suivi en fonction de l�entreprise
Int�gration des r�sultats sur une �chelle de maturit�
Orientation strat�gique et urbanisation du syst�me d�information
Mise en �uvre des pr�conisations et accompagnement au changement
Exemple de check-list (Informatique et bureautique, Data-centers, Cycle de vie du mat�riel, T�l�communications)
De l�origine du poste de travail aux technologies actuelles
La notion de clients l�gers
L�extinction du poste de travail
Les applications informatiques naturellement �colophobes
Module 3. L�achat responsable
L��co-conception, initiatrice de l�achat responsable
Les principaux �co-labels
L�utilisation des �co-labels au quotidien
Module 4. Bien g�rer les impressions
Constats et impacts de nos habitudes d�impression
Ma�triser ses impressions
Module 5. Le parc informatique dans son ensemble
De l�origine du poste de travail aux technologies actuelles
La notion de clients l�gers
L�extinction du poste de travail
Les applications informatiques naturellement �colophobes
Module 6. �voluer vers des datacenters verts
Plong�e au c�ur des datacenters
Le calculateur Dell
Les datacenters green
Module 7. G�rer la fin de vie du mat�riel
Pourquoi recycler ?
R�glementation
Recyclage et r�utilisation au quotidien
Module 8. La d�marche dans l�entreprise et les administrations
La gouvernance de l�entreprise � l�heure du Green IT
Les collectivit�s comme moteurs du changement
""";Acad�mique;ESIEE[IT];ESIEE (CCI Paris);Pontoise;QCM - Certificat ESIEE-IT;2;Distanciel;https://www.esiee-it.fr/fr/formation-continue-green-it-le-numerique-responsable-grit0
Formation Continue;Priv�e (�tablissement de formation, entreprise, etc.);TEMESIS;;;"Comprendre les enjeux du num�rique responsable et de l��coconception num�rique, inscrits dans des enjeux globaux  
Ma�triser les diff�rences de concepts et de valeurs pr�sents dans le Num�rique responsable  
Aborder la d�marche d��coconception num�rique de fa�on simple et outill�e  
Agir, en cr�ant le r�flexe de sobri�t� num�rique au sein des futurs projets.";"Cette formation permet de comprendre les enjeux actuels ainsi que l�impact social et environnemental du num�rique. Elle aborde ensuite les moyens de d�ploiement d�une d�marche de Num�rique responsable. Le programme d�taill� est le suivant :

Le contexte actuel, les enjeux environnementaux et sociaux
L�impact global du num�rique : Analyse du cycle de vie (ACV) du num�rique et d�un projet de service num�rique
L�impact de la fabrication mat�rielle, de nos usages quotidiens du num�rique et de la fin de vie
Place � la sobri�t� et � la responsabilit� : d�finition des concepts de sobri�t� num�rique, low-tech, green IT, IT4Green, accessibilit�, inclusion, illectronisme, �coconception num�rique, Green-UX, respect des donn�es personnelles, �thique
QUIZ ludo-interactif sur les points incontournables
Comment je fais, moi ? Guides, r�f�rentiels et bonnes pratiques d��coconception num�rique tout en pr�tant attention aux effets rebonds
La d�marche de l��coconception num�rique : int�r�t, m�thode, outils de mesure et d�monstration avec des cas pratiques";Entreprise certification Qualiopi;TEMESIS;Sensibilisation au num�rique responsable et � l��coconception;Paris;;0,5;Pr�sentiel et distanciel;https://www.temesis.com/expertises/ecoconception/formation/sensibilisation-numerique-responsable/
Formation Continue;Priv�e (�tablissement de formation, entreprise, etc.);TEMESIS;;;"R�fl�chir collectivement � la mise en place de bonnes pratiques en terme de conception et d�usage du num�rique
Percevoir les enjeux et les niveaux d�impact de chaque bonne pratique selon les perceptions et les acquis de chaque apprenant et apprenante
D�montrer et prendre conscience que des solutions simples � complexes, en terme d�usages et de d�veloppements, sont facilement identifiables et r�alisables
Profiter du partage collectif au sein d�un atelier de r�flexion collaborative
D�ployer des bonnes pratiques de num�rique �co-responsable en organisation, s�appliquer ces bonnes pratiques";"Sous forme d�atelier d�id�ation, cet exercice d�intelligence collective permet de prendre conscience des moyens d�actions, de leur port�e et de leur degr� de difficult�. Le programme d�taill� est le suivant :

Qu�est-ce qu�une bonne pratique d��coconception responsable ? Exemples.
Recherche et r�daction collective de bonnes pratiques
Organisation de ces bonnes pratiques selon leur cat�gorie, leur impact et leur difficult� de mise en �uvre";Entreprise;TEMESIS;Atelier de bonnes pratiques d��coconception et de num�rique responsable;Paris;;0,5;Pr�sentiel et distanciel;https://www.temesis.com/expertises/ecoconception/formation/atelier-ecoconception-numerique-responsable/
Formation Continue;Priv�e (�tablissement de formation, entreprise, etc.);TEMESIS;;;"Avoir la th�orie et la pratique des sujets Num�rique responsable et �coconception num�rique
Comprendre les impacts du num�rique inscrits dans des enjeux globaux
Ma�triser les diff�rences de concepts et de valeurs pr�sents dans le num�rique responsable
Aborder la d�marche d��coconception num�rique de fa�on simple et outill�e
Agir, en cr�ant le r�flexe de sobri�t� num�rique au sein des futurs projets num�riques";"Le programme d�taill� est le suivant :

Le contexte actuel, les enjeux environnementaux et sociaux
L�impact global du num�rique : Analyse du cycle de vie (ACV) du num�rique et d�un projet de service num�rique
L�impact de la fabrication mat�rielle, de nos usages quotidiens du num�rique et de la fin de vie
Place � la sobri�t� et � la responsabilit� : d�finition des concepts de sobri�t� num�rique, low-tech, green IT, IT4Green, accessibilit�, inclusion, illectronisme, �coconception num�rique, Green-UX, respect des donn�es personnelles, �thique et num�rique responsable
QUIZ ludo-interactif sur les points incontournables
Atelier de r�flexion collective afin de d�finir et de cat�goriser des bonnes pratiques d��coconception et de num�rique responsable
Comment je fais, moi ? Guides, r�f�rentiels et bonnes pratiques d��coconception num�rique tout en pr�tant attention aux effets rebonds
La d�marche de l��coconception num�rique : int�r�t, m�thode, outils de mesure et d�monstration avec des cas pratiques
Cette formation avec atelier de r�flexion collective r�unit la formation de sensibilisation au num�rique responsable et � l��coconception et l�atelier de bonnes pratiques d��coconception et de num�rique responsable. Elle peut �tre rythm�e par des interventions ludo-p�dagogiques (quiz interactif) afin de renforcer la m�morisation des points incontournables.";Entreprise;TEMESIS;Comprendre le num�rique responsable & la d�marche d��coconception num�rique (1 jour);Paris;;1;Pr�sentiel et distanciel;https://www.temesis.com/expertises/ecoconception/formation/comprendre-numerique-responsable-ecoconception/
Formation Continue;Priv�e (�tablissement de formation, entreprise, etc.);TEMESIS;;;"Avoir la th�orie et la pratique des sujets Num�rique responsable et �coconception num�rique
Comprendre les impacts du num�rique inscrits dans des enjeux globaux
Ma�triser les diff�rences de concepts et de valeurs pr�sents dans le Num�rique responsable
Aborder la d�marche d��coconception num�rique de fa�on simple et outill�e
Agir, en cr�ant le r�flexe de sobri�t� num�rique au sein des futurs projets num�riques
R�fl�chir concr�tement � l��coconception d�un service num�rique en minimisant son impact environnemental via un exercice d�optimisation (atelier participatif d�1 journ�e)";"Le programme d�taill� est le suivant :

Le contexte actuel, les enjeux environnementaux et sociaux
L�impact global du num�rique : Analyse du cycle de vie (ACV) du num�rique et d�un projet de service num�rique
L�impact de la fabrication mat�rielle, de nos usages quotidiens du num�rique et de la fin de vie
Place � la sobri�t� et � la responsabilit� : d�finition des concepts de sobri�t� num�rique, low-tech, green IT, IT4Green, accessibilit�, inclusion, illectronisme, �coconception num�rique, Green-UX, respect des donn�es personnelles, �thique et num�rique responsable
QUIZ ludo-interactif sur les points incontournables
Comment je fais, moi ? Guides, r�f�rentiels et bonnes pratiques d��coconception num�rique tout en pr�tant attention aux effets rebonds
Atelier de r�flexion collective afin de d�finir et de cat�goriser des bonnes pratiques d��coconception et de num�rique responsable
La d�marche de l��coconception num�rique : int�r�t, m�thode, outils de mesure et d�monstration avec des cas pratiques
(Atelier pratique d�1 journ�e) Am�lioration d�un projet web fictif d�s la conception UX, sous forme de r�flexion individuelle via l�outil Figma et avec partage des optimisations en groupe. �tudes de cas concrets en ligne : audit et axes d�am�lioration possibles.
Cette formation compl�te avec atelier pratique d��coconception et de Green-UX r�unit la formation de sensibilisation au num�rique responsable et � l��coconception et l�atelier de bonnes pratiques d��coconception et de num�rique responsable. Elle peut �tre rythm�e par des interventions ludo-p�dagogiques (quiz interactif) afin de renforcer la m�morisation des points incontournables.";Entreprise;TEMESIS;Comprendre le num�rique responsable & la d�marche d��coconception num�rique (2 jours avec atelier);Paris;;2;Pr�sentiel et distanciel;https://www.temesis.com/expertises/ecoconception/formation/comprendre-numerique-responsable-ecoconception-atelier/
Formation Continue;Priv�e (�tablissement de formation, entreprise, etc.);TEMESIS;;;"Designer responsable - Dur�e 3 heures (UX-UI designer)
D�veloppeur responsable - Dur�e 3 heures (Front & Back d�veloppeur)
Chef de projet responsable - Dur�e 3 heures (Chef de projet)
Product Manager responsable - Dur�e 3 heures (Product manager & Product owner)
Infrastructure responsable - Dur�e 3 heures (SRE - Site Reliability Engineering, Devops & Adminsys)
Marketing Manager responsable - Dur�e 3 heures (Responsable marketing)";;Entreprise;TEMESIS;Formation en lligne;Paris;;3;Distanciel;https://www.temesis.com/expertises/ecoconception/formation/module-specifique/
Formation initiale;Priv�e (�tablissement de formation, entreprise, etc.);;;;;;Acad�mique;;EPF Ecole d'ing�nieur.e.s;Montpellier;Skill-based evaluation;3;;https://www.epf.fr/formations/cycle-master-les-majeures/majeure-data-engineering
Formation Continue;Priv�e (�tablissement de formation, entreprise, etc.);;;;;"CCP 1 � Accompagner diff�rents publics vers l'autonomie dans les usages des technologies, services et m�dias num�riques :
Elaborer des programmes d'actions de m�diation facilitant l'appropriation des savoirs et des usages num�riques.

Concevoir et produire des ressources p�dagogiques et documentaires pour diff�rents supports.

Accueillir diff�rents publics, les informer et proposer des actions de m�diation num�rique.

Pr�parer et animer des actions de m�diation individuelles et collectives dans diff�rents environnements num�riques.
CP 2 � Contribuer au d�veloppement d'un espace de m�diation num�rique et de ses projets :
Effectuer un diagnostic de territoire et de ses besoins num�riques. Contribuer au d�veloppement et � la p�rennit� financi�re d'un espace de m�diation num�rique.

D�velopper des partenariats et des collaborations avec des acteurs du territoire.

Promouvoir un espace de m�diation num�rique et ses projets par une communication multicanale interne et externe.
CCP 3 � Contribuer � la gestion d'un espace de m�diation num�rique et animer ses projets collaboratifs :

Contribuer au suivi administratif et comptable d'un espace de m�diation num�rique.

Assurer l'entretien et la maintenance du mat�riel num�rique d'un espace de m�diation num�rique.

Faciliter et accompagner des projets collaboratifs dans des communaut�s physiques et � distance.";Centre de Formation;EMERAUDE COMPETENCES MFR - CFA;Titre de Responsable d'Espace de M�diation Num�rique;SAINT MALO;"
Le Titre Professionnel de responsable d'espace de m�diation num�rique
Niveau 5 (bac+2)";58;Pr�sentiel;http://www.emeraude-competences-mfr.fr/formations-5-54-titre-professionnel-responsable-d--039-espace-de-mediation-numerique.html
Formation initiale et Formation Continue;Priv�e (�tablissement de formation, entreprise, etc.);;;Autre;Une intervention isol�e (s�minaire ou s�ance de cours);"1 cours d'une journ�e, 7h
Impacts du num�rique, green coding, �coconception";Ecole d'informatique;IT Akademy;D�veloppeur fullstack;Lyon;Certification RNCP31678 pour l'ensemble de la formation;1;Pr�sentiel;https://www.it-akademy.fr/formation/parcours/2/developpeur-fullstack-dfs
Formation Continue;MOOC;;;;;Num�rique responsable, 5 vid�os de 30 mn au total, plein de liens et un quizz � la fin pour une petite certification;;;;Rouen;;0,5;distanciel;https://metropoleposition.fr/agir-pour-un-numerique-responsable/
Formation Continue;Priv�e (�tablissement de formation, entreprise, etc.);;;;"Les comp�tences professionnelles vis�es � l�issue de cette formation sont de :
� d�velopper et diffuser un usage du num�rique plus sobre en �nergie  
� d�velopper et diffuser un usage des donn�es personnelles mieux raisonn� et protecteur des droits de tou�te�s  
� concevoir et partager des supports de communication num�riques plus inclusifs";Cette formation vous permet de comprendre les enjeux du num�rique aujourd'hui : sa mat�rialit� pour mieux r�pondre � l'urgence climatique   le traitement des donn�es pour pouvoir les prot�ger correctement   les in�galit�s num�riques actuelles pour pouvoir orienter vos actions en faveur de l'inclusion.;Organisme de formation;Competens;Num�rique responsable;Rennes;;5;pr�sentiel et distanciel;https://www.competens.net/product/fc/558
Formation initiale;Priv�e (�tablissement de formation, entreprise, etc.);;;;;"- D�finition de l��coconception de services num�riques
- Comprendre l�impact environnemental du num�rique et sa r�glementation en France
- Identification des leviers design et technique de d��coconception, pour les applications web et mobile
- D�couverte ";;Entreprise Orange Business Services;Sensibilisation � l��coconception de services num�riques � conception logicielle web et mobile;Nantes et Rennes;non;0,5;pr�sentiel et distanciel;
Formation Continue;Priv�e (�tablissement de formation, entreprise, etc.);;;;;Eco-conception web;Organisme de formation, formation en entreprise;Orange Carr�;Eco-conception web;Saint-Etienne-de-Montluc;Non;3;pr�sentiel;
Formation Continue;Priv�e (�tablissement de formation, entreprise, etc.);;;;"Objectifs
- Comprendre la d�marche d��coconception de service num�rique au travers de l��coconception d�un site web
- Ma�triser les concepts fondamentaux de la sobri�t� num�rique et de l��coconception
- Savoir les appliquer aux services num�riques (site web)
- Ma�triser la m�thodologie et les outils permettant d��co-concevoir un site web";"A l�issue de la formation, chaque apprenant sera en mesure de :
- ma�triser la m�thodologie et les principaux outils d��coconception web (hors ACV)  
- �valuer la performance et la maturit� environnementale d�un service num�rique  
- �co-concevoir un service num�rique (orient� site web)";formatrice certifi�e Qualiopi (membre de la coop�rative L'ouvre-bo�tes 44);Corymbe;Eco-conception de site web;Nantes;;10,5;pr�sentiel et distanciel;https://corymbe.coop/formation/eco-conception-de-site-web/
Formation Continue;Priv�e (�tablissement de formation, entreprise, etc.);;;;;"- Les principes de bases du num�rique responsable inspir� du travail de Vincent Courboulay, directeur de l'institut du num�rique responsable
- Focus sur les d�chets produits directement et indirectement par les usages et consommations d'objets num�riques
";auto-entreprise - travaileur ind�pendant;;Le num�rique responsable pour les familles z�ro d�chets;Morlaix;Non;0,5;pr�sentiel et distanciel;www.tisserands.bzh et https://www.linkedin.com/feed/update/urn:li:activity:6907681791600152576
Formation Continue;Priv�e (�tablissement de formation, entreprise, etc.);Ping;;;;"Vous d�veloppez une activit� professionnelle dans les secteurs de l�ESS, associatifs ou des tiers-lieux/fablabs, et vous avez � c�ur de porter des valeurs �thiques, �co-responsables ou solidaires dans votre pratique professionnelle. Ces valeurs ne sont pas juste des mots et sont incarn�es par vos positionnements et vos actions. Cependant, l�utilisation d�outils num�riques de Google, Apple, Microsoft, Adobe (entre autres g�ants num�riques tentaculaires) pour travailler et collaborer au quotidien vous interroge, car vous avez l�impression de mobiliser des outils num�riques � en dissonance � avec les valeurs que vous portez dans votre activit� professionnelle.

Vous souhaitez avancer pas � pas sur cet aspect de votre activit� ? Cette formation vous permettra de dresser un �tat des lieux de vos usages, d�identifier des alternatives activables dans votre contexte professionnel et de tester des solutions concr�tes en mode � bac � sable �, en compagnie d�autres professionnel�les.";Association;Ping;Aligner ses pratiques num�riques (outils, usages) avec les valeurs de son activit� professionnelle;Nantes;Contr�le continu pendant la formation / Exercices de mise en pratique;2;Pr�sentiel;https://info.pingbase.net/offre-de-formation/#1638529798812-a741f1a7-1e06
Formation initiale;Priv�e (�tablissement de formation, entreprise, etc.);;;;;"Prendre conscience de l'impact du num�rique dans le secteur du tourisme et s'approprier les cl�s du num�rique responsable pour l�int�grer de fa�on coh�rente � sa strat�gie de tourisme durable et RSE.

Comprendre les synergies entre tourisme durable et num�rique responsable pour construire un discours et une expertise adapt�e selon l�interlocuteur.

Optimiser sa strat�gie tourisme durable gr�ce � des leviers de communication et des moyens digitaux raisonn�s et adapt�s.

Formateur Alary Alexandre (fondateur du collectif / consultant marketing responsable tourisme durable). Marie Husson (green IT et membre du collectif digital green tourisme) intervenant ( membre du collectif expert site internet �co conception, et social m�dia impact positif)";Collectif;collectif digital green tourisme en partenariat avec Formanova;Int�grer le Num�rique Responsable  dans votre strat�gie de tourisme durable & RSE;National;Un QCM de connaissances avec une attestation de formation;1;pr�sentiel et distanciel;https://www.canva.com/design/DAE7aYGUMJY/fe-TdVeh6GZjXKSowQ9ybg/view?utm_content=DAE7aYGUMJY&utm_campaign=designshare&utm_medium
Formation Continue;Priv�e (�tablissement de formation, entreprise, etc.);;;;;Comment peut-on agir pour des outils num�riques plus �thiques alors que nous ne sommes pas de la technique ? Nous verrons ensemble comment concevoir, au sens large, des applications m�tier, des sites internet ou des services num�riques plus respectueux de l�environnement et leurs utilisateurs.;Agence et organisme de formation;Jujotte;Design num�rique responsable;Nantes;"� l�issue de la formation, vous pourrez :
- Acqu�rir les bases th�oriques de la conception num�rique responsable.
- Conna�tre les leviers les plus impactants pour des interfaces plus respectueuses de l�environnement
- Acqu�rir les bases th�oriques des r�gles d�accessibilit� web";1;pr�sentiel et distanciel;https://www.notion.so/jujotte/Design-num-rique-responsable-91eb43034a0d4291b3be2c85ba496bfa
Formation Continue;Priv�e (�tablissement de formation, entreprise, etc.);;;;Un ou plusieurs modules / unit�s d'enseignement;;;TEMESIS;Comprendre le num�rique responsable & la d�marche d��coconception num�rique;Paris - France;#NOM?;1,5;Pr�sentiel et distanciel;
Formation Continue;Priv�e (�tablissement de formation, entreprise, etc.);;;;;;;Association d'int�r�t g�n�ral;Atelier pro �coconception & design num�rique;Paris;"- Compr�hension des impacts environnementaux du num�rique et le r�le du design sur ces enjeux
- D�couverte des concepts cl�s de la d�marche d��coconception
- Capacit� � estimer l�empreinte environnementale d�un parcours
- Etre capable d�identifier des pis";0,5;Pr�sentiel et distanciel;
Formation Continue;Priv�e (�tablissement de formation, entreprise, etc.);;;;"Nous vous proposons un atelier de 3h30 suit le d�roul� suivant :
- Introduction aux impacts environnementaux du num�rique
- Analyse d�impact de 2 parcours utilisateur
- Identification des principaux leviers d�action et exemples d�am�liorations
- Rappel des bonnes pratiques de conception-design
- Questions et partage";;;Association d'int�r�t g�n�ral;Formation � l'�coconception de services num�riques par Designers Ethiques;Paris;"- Comprendre les enjeux environnementaux du num�rique
- Savoir en quoi consiste l'�coconception
- �tre capable d'estimer l'impact environnemental d'un parcours web
- Acqu�rir les bonnes pratiques d'�coconception en tant que designer ou concepteur de servi";1;Pr�sentiel et distanciel;https://www.ut-capitole.fr/formations/nos-diplomes/masters/master-m2-mention-management-parcours-type-droit-et-gestion-de-la-res
Formation Continue;Priv�e (�tablissement de formation, entreprise, etc.);;;;"1 - L�impact environnemental du num�rique
Effets du num�rique sur l�environnement
Empreinte �cologique et impacts sociaux, �conomiques et
politiques du num�rique
R�chauffement climatique, gaz � effet de serre et bilan
carbone
2 - Le num�rique responsable
De quoi s�agit-il ?
Les initiatives et acteurs du Num�rique Responsable
Lois et projets de loi sur l�impact environnemental du
num�rique
Et le num�rique au service de la transition �cologique?
L�effet rebond
3 - Les d�marches des acteurs en faveur de la sobri�t�
num�rique
O� en sont les fournisseurs de l�IT ?
Maturit� des entreprises et organisations publiques sur le
sujet
4 - D�ployer la sobri�t� num�rique en entreprise:
ordres de grandeur, leviers d�action et r�le de l�IT
Les sources d��missions carbone de la DSI
Bilan carbone de la DSI, et plan d�action IT
Leviers de r�duction : optimiser ses infrastructures et
�quipements, politique d�achats et exigences pour les
fournisseurs, Gestion et fin de vie des �quipements,
Sobri�t� num�rique by design
L�analyse de cycle de vie
5 - Organiser sa d�marche au sein de son entreprise
D�ployer une politique NR
Organiser la gouvernance d�une strat�gie sur le num�rique
responsable
Bonnes pratiques et outils pour une gouvernance NR
Impliquer les parties prenantes : m�tiers de la DSI /
Direction achats / RSE / communication
Piloter sa strat�gie sur le num�rique responsable. Exemples
de KPI
Le label NR
Points forts / Moyens p�dagogiques
? Une formation en petit groupe par des consultants experts dans
leur m�tier.
? Des �tudes de cas et quizz pour favoriser l�apprentissage.
? Une �valuation de fin de parcours.
Comp�tences acquises gr�ce � la formation
? Introduction � l�impact environnemental du num�rique
? Comprendre les enjeux pour la DSI et les �quipes RSE
Module";"1 - L�impact environnemental du num�rique
2 - Le num�rique responsable
3 - Les d�marches des acteurs en faveur de la sobri�t�
4 - D�ployer la sobri�t� num�rique en entreprise:
5 - Organiser sa d�marche au sein de son entreprise
";;;Introduction au Num�rique Responsable;Paris;Connaissances sur l'impact environnemental du num�rique, compr�hension des enjeux de la DSI;1;Pr�sentiel et distanciel;https://www.elee.com/sites/elee-site/files/2022-02/El%C3%A9e%20-%20Catalogue%20des%20formations%202022_0.pdf
Formation Continue;Priv�e (�tablissement de formation, entreprise, etc.);;;;"1 - L�impact du num�rique
Quelques chiffres: �tat des lieux et ordres de grandeur
Et le num�rique pour la transition �cologique ?
Impact social, politique et �conomique du num�rique
L�effet rebond
2 - Le Num�rique responsable
De quoi s�agit-il ?
Les initiatives et acteurs du Num�rique Responsable
Les lois, projets de loi, r�glementations et initiatives
publiques
3 - Les d�marches des acteurs en faveur de la sobri�t�
num�rique
O� en sont les fournisseurs de l�IT ?
Focus sur les acteurs du cloud (am�ricains et fran�ais)
Maturit� des entreprises fran�aises sur le sujet
4 - Comment mesurer l�empreinte environnementale de
l�informatique de son organisation?
R�chauffement climatique et gaz � effet de serre.
Le bilan carbone de l�IT
Les �quipements IT
Identifier et approfondir les postes importants
Cas Pratique
5 - Et l�empreinte des services ?
L�analyse de cycle de vie
Quel type de mesure pour quelle finalit� ?
6 - Focus sur le num�rique au service de la transition
�cologique
Net Zero Initiative
Etude de cas sur le t�l�travail : opportunit� ou illusion ?
7 - D�ployer la sobri�t� num�rique en entreprise: leviers
d�action et r�le de la DSI
Etablir un plan de r�duction
Comment manier les m�canismes de compensation ?
Etablir et suivre ses KPI.
8 - Organiser sa d�marche au sein de son entreprise
D�ployer une politique num�rique durable. Impliquer ses
clients. Mettre en �uvre la transformation culturelle.
Organiser sa gouvernance
Les attentes des clients envers leurs fournisseurs
Les 65 bonnes pratiques de l�INR et le label NR
Cas Pratique
";"Sujet abord�s sur la journ�e :
1. impact environnemental du num�rique, notions de r�chauffement climatique, �missions de GES
2. Num�rique responsable, initiatives et acteurs, lois, num�rique et transition �cologique
3. D�marches en faveur de la sobri�t� num�rique, maturit� des entreprises fran�aises
4. D�ployer la sobri�t� num�rique en entreprise, ordres de grandeurs, bilan carbone, leviers d'actions
5. Organiser sa d�marche au sein de son entreprise : d�ployer une politique num�rique responsable, organiser la gouvernance, impliquer les parties prenantes";;;La sobri�t� num�rique et son application dans la strat�gie de la DSI;Puteaux;"- D�velopper une compr�hension pouss�e du num�rique responsable et de l�environnement r�glementaire
- Comprendre les principes de la comptabilit� carbone pour l�IT et savoir mesurer et identifier ses flux d��missions
- B�tir un plan d�action et une strat�";2;Pr�sentiel et distanciel;https://www.elee.com/sites/elee-site/files/2022-02/El%C3%A9e%20-%20Catalogue%20des%20formations%202022_0.pdf
Formation Continue;Priv�e (�tablissement de formation, entreprise, etc.);;;;"Sujet abord�s :
1. Impact du num�rique
2. le Num�rique Responsable
3. Les d�marches des acteurs en faveur de la sobri�t� num�rique
4. Comment mesurer l'empreinte environnementale de l'informatique de son organisation ?
5. Et l'empreinte des services ?
6. Focus sur le num�rique au service de la transition �cologique
7. D�ployer la sobri�t� num�rique en entreprise : leviers d'action et r�le de la DSI
8. Organiser sa d�marche au sein de son entreprise";"Sujet abord�s :
1. Impact du num�rique
2. le Num�rique Responsable
3. Les d�marches des acteurs en faveur de la sobri�t� num�rique
4. Comment mesurer l'empreinte environnementale de l'informatique de son organisation ?
5. Et l'empreinte des services ?
6. Focus sur le num�rique au service de la transition �cologique
7. D�ployer la sobri�t� num�rique en entreprise : leviers d'action et r�le de la DSI
8. Organiser sa d�marche au sein de son entreprise";;;Achats IT responsables;Puteaux;"- connaissances pour des achats IT plus durables
- labels, certifications";1;Pr�sentiel et distanciel;https://www.elee.com/sites/elee-site/files/2022-02/El%C3%A9e%20-%20Catalogue%20des%20formations%202022_0.pdf
Formation initiale;Publique (universit�, �cole d'ing�nieur, etc.);Mines Saint-�tienne;Institut Henri Fayol;;"Sujets abord�s :
1. Evaluer ses fournisseurs et prestataires : Comprendre l'empreinte carbone de ses fournisseurs, labels et certifications RSE/environnementales des entreprises, labels et certifications de l'informatique et du recyclage des objets �lectroniques dans le cadre B2B, �valuation de la gestion de la fin de vie de son parc d'�quipements
2. Formaliser une politique d'achat Num�rique Responsable : aspects reglementaires, contract management, normes, contrats IT, clausiers et cahier des charges";La s�ance de cours � Syst�mes d'information et responsabilit� soci�tale � s'inscrit dans un module de cours sur les bonnes pratiques du d�veloppement logiciel. La majorit� du module est d�di�e � des bonnes pratiques d'un point de vue de la programmation (design patterns, principes SOLID) mais 2h de cours sont d�di�es au num�rique responsable.;;;;;;;;http://www.vcharpenay.link/courses/num-responsable.html
;;;;;;;;;;;;;;
;;;;;;;;;;;;;;
;;;;;;;;;;;;;;
;;;;;;;;;;;;;;
;;;;;;;;;;;;;;
;;;;;;;;;;;;;;
;;;;;;;;;;;;;;
;;;;;;;;;;;;;;
;;;;;;;;;;;;;;
;;;;;;;;;;;;;;
;;;;;;;;;;;;;;
;;;;;;;;;;;;0;;
;;;;;;;;;;;;0;;
;;;;;;;;;;;;;;
;;;;;;;;;;;;0;;
;;;;;;;;;;;;45;;
;;;;;;;;;;;;4;;
;;;;;;;;;;;;49;;
;;;;;;;;;;;;;;
;;;;;;;;;;;;61;;
;;;;;;;;;;;;;;
;;;;;;;;;;;;;;
;;;;;;;;;;;;;;
;;;;;;;;;;;;;;
;;;;;;;;;;;;;;
;;;;;;;;;;;;;;
;;;;;;;;;;;;;;
;;;;;;;;;;;;;;
;;;;;;;;;;;;;;
;;;;;;;;;;;;;;
;;;;;;;;;;;;;;
;;;;;;;;;;;;;;
;;;;;;;;;;;;;;
;;;;;;;;;;;;;;
;;;;;;;;;;;;;;
;;;;;;;;;;;;;;
;;;;;;;;;;;;;;
;;;;;;;;;;;;;;
;;;;;;;;;;;;;;
;;;;;;;;;;;;;;
;;;;;;;;;;;;;;
;;;;;;;;;;;;;;
;;;;;;;;;;;;;;
;;;;;;;;;;;;;;
;;;;;;;;;;;;;;
;;;;;;;;;;;;;;
;;;;;;;;;;;;;;
;;;;;;;;;;;;;;
;;;;;;;;;;;;;;
;;;;;;;;;;;;;;
;;;;;;;;;;;;;;
;;;;;;;;;;;;;;
;;;;;;;;;;;;;;
;;;;;;;;;;;;;;
;;;;;;;;;;;;;;
;;;;;;;;;;;;;;
;;;;;;;;;;;;;;
;;;;;;;;;;;;;;
;;;;;;;;;;;;;;
;;;;;;;;;;;;;;
;;;;;;;;;;;;;;
;;;;;;;;;;;;;;
;;;;;;;;;;;;;;
;;;;;;;;;;;;;;
;;;;;;;;;;;;;;
;;;;;;;;;;;;;;
;;;;;;;;;;;;;;
;;;;;;;;;;;;;;
;Priv�e (�tablissement de formation, entreprise, etc.);;;;;;;;;;;;;
;Publique (universit�, �cole d'ing�nieur, etc.);;;;;;;;;;;;;
;Priv�e (�tablissement de formation, entreprise, etc.);;;;;;;;;;;;;
;Priv�e (�tablissement de formation, entreprise, etc.);;;;;;;;;;;;;
;Publique (universit�, �cole d'ing�nieur, etc.);;;;;;;;;;;;;
;Priv�e (�tablissement de formation, entreprise, etc.);;;;;;;;;;;;;
;Priv�e (�tablissement de formation, entreprise, etc.);;;;;;;;;;;;;
;Priv�e (�tablissement de formation, entreprise, etc.);;;;;;;;;;;;;
;Publique (universit�, �cole d'ing�nieur, etc.);;;;;;;;;;;;;
;Publique (universit�, �cole d'ing�nieur, etc.);;;;;;;;;;;;;
;Publique (universit�, �cole d'ing�nieur, etc.);;;;;;;;;;;;;
